timestamp,prompt_variant,prompt_text,response_text,response_time_sec,total_tokens,word_count,length_score,structure_score,total_score
2026-06-24T20:03:20,1_naive,Summarize this article: chelsea sack mutu  chelsea have sacked adrian mutu after he failed a drugs test  the yearold tested positive for a banned substance  which he later denied was cocaine  in october chelsea have decided to write off a possible transfer fee for mutu a m signing from parma last season who may face a twoyear suspension a statement from chelsea explaining the decision readwe want to make clear that chelsea has a zero tolerance policy towards drugs mutu scored six goals in his first five games after arriving at stamford bridge but his form went into decline and he was frozen out by coach jose mourinho chelseas statement added this applies to both performanceenhancing drugs or socalled recreational drugs they have no place at our club or in sport in coming to a decision on this case chelsea believed the clubs social responsibility to its fans players employees and other stakeholders in football regarding drugs was more important than the major financial considerations to the company any player who takes drugs breaches his contract with the club as well as football association rules the club totally supports the fa in strong action on all drugs cases fifas disciplinary code stipulates that a first doping offence should be followed by a sixmonth ban and the sports world governing body has reiterated their stance over mutus failed drugs test maintaining it is a matter for the domestic sporting authorities fifa is not in a position to make any comment on the matter until the english fa have informed us of their disciplinary decision and the relevant information associated with it said a fifa spokesman chelseas move won backing from drugtesting expert michelle verroken verroken a former director of drugfree sport for uk sport insists the blues were right to sack mutu and have enhanced their reputation by doing so chelsea are saying quite clearly to the rest of their players and their fans that this is a situation they are not prepared to tolerate it was a very difficult decision for them and an expensive decision for them but the terms of his contract were breached and it was the only decision they could make it is a very clear stance by chelsea and it has given a strong boost to the reputation of the club it emerged that mutu had failed a drugs test on october  and although it was initially reported that the banned substance in question was cocaine the romanian international later suggested it was a substance designed to enhance sexual performance the football association has yet to act on mutus failed drugs test and refuses to discuss his case,"Here's a summary of the article:

Chelsea FC has sacked Romanian international Adrian Mutu after he failed a drugs test, which he initially denied was cocaine. The test showed that Mutu had tested positive for a banned substance in October. Despite scoring six goals in his first five games for the club, Mutu's form declined, and he was subsequently frozen out by coach Jose Mourinho. Chelsea has a ""zero tolerance"" policy towards drugs, and as a result, they decided to terminate Mutu's contract. The club believes that its social responsibility to its fans, players, and stakeholders in football outweighs the potential financial loss.

The FA has yet to act on Mutu's failed drugs test, but FIFA's disciplinary code suggests a six-month ban for a first doping offense. Chelsea's move to sack Mutu has been backed by drug-testing expert Michelle Verroken, who believes that the club has taken a strong stance against drugs and enhanced its reputation.

Mutu had suggested that the banned substance was not cocaine but a substance designed to enhance sexual performance. However, the exact nature of the substance is still unclear, and the FA has refused to discuss the case.",6.068,773,193,0,7,7
2026-06-24T20:03:21,2_role_based,"You are an expert news editor with 20 years of experience writing concise, accurate summaries for busy readers. Summarize the following article in a way that captures the most newsworthy points:

chelsea sack mutu  chelsea have sacked adrian mutu after he failed a drugs test  the yearold tested positive for a banned substance  which he later denied was cocaine  in october chelsea have decided to write off a possible transfer fee for mutu a m signing from parma last season who may face a twoyear suspension a statement from chelsea explaining the decision readwe want to make clear that chelsea has a zero tolerance policy towards drugs mutu scored six goals in his first five games after arriving at stamford bridge but his form went into decline and he was frozen out by coach jose mourinho chelseas statement added this applies to both performanceenhancing drugs or socalled recreational drugs they have no place at our club or in sport in coming to a decision on this case chelsea believed the clubs social responsibility to its fans players employees and other stakeholders in football regarding drugs was more important than the major financial considerations to the company any player who takes drugs breaches his contract with the club as well as football association rules the club totally supports the fa in strong action on all drugs cases fifas disciplinary code stipulates that a first doping offence should be followed by a sixmonth ban and the sports world governing body has reiterated their stance over mutus failed drugs test maintaining it is a matter for the domestic sporting authorities fifa is not in a position to make any comment on the matter until the english fa have informed us of their disciplinary decision and the relevant information associated with it said a fifa spokesman chelseas move won backing from drugtesting expert michelle verroken verroken a former director of drugfree sport for uk sport insists the blues were right to sack mutu and have enhanced their reputation by doing so chelsea are saying quite clearly to the rest of their players and their fans that this is a situation they are not prepared to tolerate it was a very difficult decision for them and an expensive decision for them but the terms of his contract were breached and it was the only decision they could make it is a very clear stance by chelsea and it has given a strong boost to the reputation of the club it emerged that mutu had failed a drugs test on october  and although it was initially reported that the banned substance in question was cocaine the romanian international later suggested it was a substance designed to enhance sexual performance the football association has yet to act on mutus failed drugs test and refuses to discuss his case","**Chelsea Sack Adrian Mutu for Failed Drugs Test**

Chelsea Football Club has terminated the contract of Romanian striker Adrian Mutu after he failed a drugs test, which he later claimed was a substance to enhance sexual performance, not cocaine as initially reported. The 28-year-old tested positive for a banned substance in October. 

Chelsea stated that they have a ""zero tolerance policy"" towards drugs, both performance-enhancing and recreational. The club's decision was seen as a bold stance, with many praising Chelsea for prioritizing their social responsibility to fans, players, and other stakeholders in football over potential financial losses. 

Mutu's contract, worth a reported transfer fee, has been written off, and he faces a possible two-year suspension. FIFA has stated that it is up to the English Football Association (FA) to take disciplinary action, while the FA has yet to comment on the matter. 

The move has been supported by drug-testing expert Michelle Verroken, who believes Chelsea's decision has enhanced their reputation and sent a clear message to their players and fans about their stance on drugs in football.",0.806,793,177,0,7,7
2026-06-24T20:03:22,3_structured_format,"Summarize the following article in exactly 3 bullet points, each under 15 words, covering: (1) what happened, (2) why it matters, (3) what happens next.

Article:
chelsea sack mutu  chelsea have sacked adrian mutu after he failed a drugs test  the yearold tested positive for a banned substance  which he later denied was cocaine  in october chelsea have decided to write off a possible transfer fee for mutu a m signing from parma last season who may face a twoyear suspension a statement from chelsea explaining the decision readwe want to make clear that chelsea has a zero tolerance policy towards drugs mutu scored six goals in his first five games after arriving at stamford bridge but his form went into decline and he was frozen out by coach jose mourinho chelseas statement added this applies to both performanceenhancing drugs or socalled recreational drugs they have no place at our club or in sport in coming to a decision on this case chelsea believed the clubs social responsibility to its fans players employees and other stakeholders in football regarding drugs was more important than the major financial considerations to the company any player who takes drugs breaches his contract with the club as well as football association rules the club totally supports the fa in strong action on all drugs cases fifas disciplinary code stipulates that a first doping offence should be followed by a sixmonth ban and the sports world governing body has reiterated their stance over mutus failed drugs test maintaining it is a matter for the domestic sporting authorities fifa is not in a position to make any comment on the matter until the english fa have informed us of their disciplinary decision and the relevant information associated with it said a fifa spokesman chelseas move won backing from drugtesting expert michelle verroken verroken a former director of drugfree sport for uk sport insists the blues were right to sack mutu and have enhanced their reputation by doing so chelsea are saying quite clearly to the rest of their players and their fans that this is a situation they are not prepared to tolerate it was a very difficult decision for them and an expensive decision for them but the terms of his contract were breached and it was the only decision they could make it is a very clear stance by chelsea and it has given a strong boost to the reputation of the club it emerged that mutu had failed a drugs test on october  and although it was initially reported that the banned substance in question was cocaine the romanian international later suggested it was a substance designed to enhance sexual performance the football association has yet to act on mutus failed drugs test and refuses to discuss his case","Here are 3 bullet points summarizing the article:

• Chelsea sacked Adrian Mutu after he failed a drugs test and breached his contract.
• The decision matters as it shows Chelsea's zero-tolerance policy towards drugs in sports.
• Chelsea's action may lead to Mutu's two-year suspension and damage to his career reputation.",0.565,643,52,10,7,17
2026-06-24T20:03:22,4_few_shot,"Here is an example of a good news summary:
Example article: 'The city approved a new park budget of $2M, to be spent on playgrounds and trails, after years of resident requests.'
Example summary: 'City approved a $2M park budget for playgrounds and trails after sustained resident demand.'

Now summarize this article in the same style (one sentence, neutral tone):

chelsea sack mutu  chelsea have sacked adrian mutu after he failed a drugs test  the yearold tested positive for a banned substance  which he later denied was cocaine  in october chelsea have decided to write off a possible transfer fee for mutu a m signing from parma last season who may face a twoyear suspension a statement from chelsea explaining the decision readwe want to make clear that chelsea has a zero tolerance policy towards drugs mutu scored six goals in his first five games after arriving at stamford bridge but his form went into decline and he was frozen out by coach jose mourinho chelseas statement added this applies to both performanceenhancing drugs or socalled recreational drugs they have no place at our club or in sport in coming to a decision on this case chelsea believed the clubs social responsibility to its fans players employees and other stakeholders in football regarding drugs was more important than the major financial considerations to the company any player who takes drugs breaches his contract with the club as well as football association rules the club totally supports the fa in strong action on all drugs cases fifas disciplinary code stipulates that a first doping offence should be followed by a sixmonth ban and the sports world governing body has reiterated their stance over mutus failed drugs test maintaining it is a matter for the domestic sporting authorities fifa is not in a position to make any comment on the matter until the english fa have informed us of their disciplinary decision and the relevant information associated with it said a fifa spokesman chelseas move won backing from drugtesting expert michelle verroken verroken a former director of drugfree sport for uk sport insists the blues were right to sack mutu and have enhanced their reputation by doing so chelsea are saying quite clearly to the rest of their players and their fans that this is a situation they are not prepared to tolerate it was a very difficult decision for them and an expensive decision for them but the terms of his contract were breached and it was the only decision they could make it is a very clear stance by chelsea and it has given a strong boost to the reputation of the club it emerged that mutu had failed a drugs test on october  and although it was initially reported that the banned substance in question was cocaine the romanian international later suggested it was a substance designed to enhance sexual performance the football association has yet to act on mutus failed drugs test and refuses to discuss his case","""Chelsea have sacked Adrian Mutu after he failed a drugs test, upholding the club's zero-tolerance policy on performance-enhancing and recreational drugs.""",0.484,643,21,10,5,15
2026-06-24T20:03:23,5_chain_of_thought,"First, identify the 3 most important facts in this article. Then, using only those facts, write a single concise summary paragraph (max 40 words). Show your reasoning step by step, then give the final summary clearly labeled 'FINAL SUMMARY:'.

Article:
chelsea sack mutu  chelsea have sacked adrian mutu after he failed a drugs test  the yearold tested positive for a banned substance  which he later denied was cocaine  in october chelsea have decided to write off a possible transfer fee for mutu a m signing from parma last season who may face a twoyear suspension a statement from chelsea explaining the decision readwe want to make clear that chelsea has a zero tolerance policy towards drugs mutu scored six goals in his first five games after arriving at stamford bridge but his form went into decline and he was frozen out by coach jose mourinho chelseas statement added this applies to both performanceenhancing drugs or socalled recreational drugs they have no place at our club or in sport in coming to a decision on this case chelsea believed the clubs social responsibility to its fans players employees and other stakeholders in football regarding drugs was more important than the major financial considerations to the company any player who takes drugs breaches his contract with the club as well as football association rules the club totally supports the fa in strong action on all drugs cases fifas disciplinary code stipulates that a first doping offence should be followed by a sixmonth ban and the sports world governing body has reiterated their stance over mutus failed drugs test maintaining it is a matter for the domestic sporting authorities fifa is not in a position to make any comment on the matter until the english fa have informed us of their disciplinary decision and the relevant information associated with it said a fifa spokesman chelseas move won backing from drugtesting expert michelle verroken verroken a former director of drugfree sport for uk sport insists the blues were right to sack mutu and have enhanced their reputation by doing so chelsea are saying quite clearly to the rest of their players and their fans that this is a situation they are not prepared to tolerate it was a very difficult decision for them and an expensive decision for them but the terms of his contract were breached and it was the only decision they could make it is a very clear stance by chelsea and it has given a strong boost to the reputation of the club it emerged that mutu had failed a drugs test on october  and although it was initially reported that the banned substance in question was cocaine the romanian international later suggested it was a substance designed to enhance sexual performance the football association has yet to act on mutus failed drugs test and refuses to discuss his case","**Identifying the 3 most important facts:**

1. Chelsea sacked Adrian Mutu after he failed a drugs test, which he later denied was cocaine.
2. Chelsea has a zero-tolerance policy towards drugs, including both performance-enhancing and recreational drugs.
3. The club believed its social responsibility to its fans, players, and stakeholders regarding drugs was more important than the potential financial loss.

**Step-by-step reasoning:**

- Fact 1 is the main reason for the article, as it explains the reason for Chelsea's decision to sack Mutu.
- Fact 2 provides context and explains Chelsea's stance on drug use, which is crucial for understanding the severity of the situation.
- Fact 3 highlights Chelsea's priorities and values, which are key to understanding the club's decision-making process.

**FINAL SUMMARY:** 
Chelsea sacked Adrian Mutu after he failed a drugs test, upholding their zero-tolerance policy on all substances. The club prioritized its social responsibility over potential financial loss, demonstrating a strong stance against drug use.",0.644,797,158,1,7,8
2026-06-24T20:03:24,1_naive,Summarize this article: record fails to lift lacklustre meet  yelena isinbayeva may have produced another world pole vault record but her achievement could not hide the fact it was not the best meet we have ever seen in birmingham  and hey there are not many meets that go by without the russian breaking a world record  apparently isinbayeva has cleared five metres in training and i would just love her to put us out of our misery and have a go at it rather than extending the indoor record by one centimetre at a time athletics to me is all about pushing the barriers and being the best you can and i would like to see her have a go at m in competition mind you every time she breaks the record she gets  so she can afford to be deliberate about it world records aside i thought it was a very encouraging evenings work for kelly holmes she looked good and was very positive agnes samaria who came second is in very good shape and is in the worlds top three m runners this season yes samaria let kelly get away but there was no coming back over the last m as kelly dominated the race so beating samaria is a bit of a benchmark for kelly my gut feeling is that kelly would like to run in the european indoor championships but she just hasnt convinced herself she is fit enough to do so on the other hand i think jason gardener is struggling to come near what is going to be required to win the mens m in madrid he started well in the final but still could not stay with the frontrunners jason has a lot of experience indoors but for some reason he is struggling to maintain his pace through to the finish  it would have been nice to see what mark lewisfrancis could have done in the final if only he hadnt got himself disqualified he was blatantly playing the falsestart game to his advantage but it tripped him up and made him look a bit silly my view is youre meant to go when the gun goes and not before and if you try to unsettle your rivals by employing the falsestart tactic you have to remember not to false start yourself again having said that mark is looking in much better shape but i havent seen anything from mark or jason yet which suggests frances ronald pognon  who has run  seconds  will be under threat at the europeans from a british point of view sarah claxtons victory in the m hurdles was the best thing to come out of the meet  something else that probably went unnoticed was melanie purkiss winning the womens national m race in a new personal best of  seconds aaas champion kim wall came second in another lifetime best so we have a very strong xm squad going to the european championships scotlands lee mcconnell is probably going to run too so we have a real prospect of a medal from an international perspective i thought meseret defar was disappointing in the m but i dont think the pacemaking was great canadian heather hennigar set a fast early pace but could not maintain it and if jo pavey had been in last years shape she would have given defar a real run for her money she had a go but just could not hang in there we were also expecting a bit more from bernard lagat in the mens m but he has only just come over from the usa so he may not be that sharp and i still think he is in great shape as for kenenisa bekele he was well beaten by markos geneti but we only had half expectations for bekele as he has been struggling this season it was very hot in the national indoor arena and i felt uncomfortable in the commentary box i think those conditions affected the distance runners and in fact defar complained to her coach after the race that she could not get her breath properly,"The article discusses the recent athletics meet in Birmingham, where Russian pole vaulter Yelena Isinbayeva broke the world record, but the meet was considered lackluster overall. Despite her record-breaking performance, Isinbayeva cleared the bar by a mere centimeter, which the author feels is not the kind of record-breaking performance expected from her.

The article highlights some encouraging performances from British athletes, including Kelly Holmes, who dominated the 800m event, and Agnes Samaria, who came in second and is considered one of the top three 800m runners in the world this season. Holmes' performance is seen as a benchmark for her, and the author thinks she may want to compete in the European Indoor Championships.

Jason Gardner had a disappointing performance in the 800m event, struggling to maintain his pace through to the finish. Mark Lewis-Francis was disqualified after a false start, which the author felt was unnecessary and made him look silly.

The article also highlights some positive performances from British athletes in other events, including Sarah Claxton's victory in the 400m hurdles, and Melanie Purkiss' win in the women's national 3000m event. The author believes that these performances suggest a strong British team for the European Championships.

Internationally, the article notes that Meseret Defar was disappointing in the 5000m event, which the author feels was due to poor pacing and hot conditions. Bernard Lagat, who has just moved from the US, was expected to perform well but did not, and Kenenisa Bekele was well-beaten by Markos Geneti, which was seen as a mild disappointment given Bekele's struggles this season.",0.833,1171,260,0,7,7
2026-06-24T20:03:25,2_role_based,"You are an expert news editor with 20 years of experience writing concise, accurate summaries for busy readers. Summarize the following article in a way that captures the most newsworthy points:

record fails to lift lacklustre meet  yelena isinbayeva may have produced another world pole vault record but her achievement could not hide the fact it was not the best meet we have ever seen in birmingham  and hey there are not many meets that go by without the russian breaking a world record  apparently isinbayeva has cleared five metres in training and i would just love her to put us out of our misery and have a go at it rather than extending the indoor record by one centimetre at a time athletics to me is all about pushing the barriers and being the best you can and i would like to see her have a go at m in competition mind you every time she breaks the record she gets  so she can afford to be deliberate about it world records aside i thought it was a very encouraging evenings work for kelly holmes she looked good and was very positive agnes samaria who came second is in very good shape and is in the worlds top three m runners this season yes samaria let kelly get away but there was no coming back over the last m as kelly dominated the race so beating samaria is a bit of a benchmark for kelly my gut feeling is that kelly would like to run in the european indoor championships but she just hasnt convinced herself she is fit enough to do so on the other hand i think jason gardener is struggling to come near what is going to be required to win the mens m in madrid he started well in the final but still could not stay with the frontrunners jason has a lot of experience indoors but for some reason he is struggling to maintain his pace through to the finish  it would have been nice to see what mark lewisfrancis could have done in the final if only he hadnt got himself disqualified he was blatantly playing the falsestart game to his advantage but it tripped him up and made him look a bit silly my view is youre meant to go when the gun goes and not before and if you try to unsettle your rivals by employing the falsestart tactic you have to remember not to false start yourself again having said that mark is looking in much better shape but i havent seen anything from mark or jason yet which suggests frances ronald pognon  who has run  seconds  will be under threat at the europeans from a british point of view sarah claxtons victory in the m hurdles was the best thing to come out of the meet  something else that probably went unnoticed was melanie purkiss winning the womens national m race in a new personal best of  seconds aaas champion kim wall came second in another lifetime best so we have a very strong xm squad going to the european championships scotlands lee mcconnell is probably going to run too so we have a real prospect of a medal from an international perspective i thought meseret defar was disappointing in the m but i dont think the pacemaking was great canadian heather hennigar set a fast early pace but could not maintain it and if jo pavey had been in last years shape she would have given defar a real run for her money she had a go but just could not hang in there we were also expecting a bit more from bernard lagat in the mens m but he has only just come over from the usa so he may not be that sharp and i still think he is in great shape as for kenenisa bekele he was well beaten by markos geneti but we only had half expectations for bekele as he has been struggling this season it was very hot in the national indoor arena and i felt uncomfortable in the commentary box i think those conditions affected the distance runners and in fact defar complained to her coach after the race that she could not get her breath properly","**Top Performances Shine Amidst Lackluster Meet**

A record-breaking performance from Yelena Isinbayeva failed to elevate what was otherwise an underwhelming athletics meet in Birmingham. The Russian pole vaulter set a new indoor world record, but her achievement was overshadowed by concerns over her reluctance to push for a more significant mark.

In contrast, Kelly Holmes demonstrated encouraging form, dominating the women's 1500m and securing a convincing victory. Her performance has sparked hopes that she may compete in the European Indoor Championships.

Other notable highlights included Sarah Claxton's victory in the women's 400m hurdles and Melanie Purkiss's new personal best in the women's national 1500m. Britain's middle-distance squad looks strong heading into the European Championships, with Scotland's Lee McConnell also expected to compete.

However, several high-profile athletes underwhelmed in Birmingham. Meseret Defar struggled in the women's 1500m, and Bernard Lagat disappointed in the men's 1500m, despite being relatively new to competition in the UK. Kenenisa Bekele was also beaten by Markos Geneti in the men's 5000m, and Jason Gardener struggled to maintain his pace in the men's 1500m.",1.05,1116,177,0,7,7
2026-06-24T20:03:32,3_structured_format,"Summarize the following article in exactly 3 bullet points, each under 15 words, covering: (1) what happened, (2) why it matters, (3) what happens next.

Article:
record fails to lift lacklustre meet  yelena isinbayeva may have produced another world pole vault record but her achievement could not hide the fact it was not the best meet we have ever seen in birmingham  and hey there are not many meets that go by without the russian breaking a world record  apparently isinbayeva has cleared five metres in training and i would just love her to put us out of our misery and have a go at it rather than extending the indoor record by one centimetre at a time athletics to me is all about pushing the barriers and being the best you can and i would like to see her have a go at m in competition mind you every time she breaks the record she gets  so she can afford to be deliberate about it world records aside i thought it was a very encouraging evenings work for kelly holmes she looked good and was very positive agnes samaria who came second is in very good shape and is in the worlds top three m runners this season yes samaria let kelly get away but there was no coming back over the last m as kelly dominated the race so beating samaria is a bit of a benchmark for kelly my gut feeling is that kelly would like to run in the european indoor championships but she just hasnt convinced herself she is fit enough to do so on the other hand i think jason gardener is struggling to come near what is going to be required to win the mens m in madrid he started well in the final but still could not stay with the frontrunners jason has a lot of experience indoors but for some reason he is struggling to maintain his pace through to the finish  it would have been nice to see what mark lewisfrancis could have done in the final if only he hadnt got himself disqualified he was blatantly playing the falsestart game to his advantage but it tripped him up and made him look a bit silly my view is youre meant to go when the gun goes and not before and if you try to unsettle your rivals by employing the falsestart tactic you have to remember not to false start yourself again having said that mark is looking in much better shape but i havent seen anything from mark or jason yet which suggests frances ronald pognon  who has run  seconds  will be under threat at the europeans from a british point of view sarah claxtons victory in the m hurdles was the best thing to come out of the meet  something else that probably went unnoticed was melanie purkiss winning the womens national m race in a new personal best of  seconds aaas champion kim wall came second in another lifetime best so we have a very strong xm squad going to the european championships scotlands lee mcconnell is probably going to run too so we have a real prospect of a medal from an international perspective i thought meseret defar was disappointing in the m but i dont think the pacemaking was great canadian heather hennigar set a fast early pace but could not maintain it and if jo pavey had been in last years shape she would have given defar a real run for her money she had a go but just could not hang in there we were also expecting a bit more from bernard lagat in the mens m but he has only just come over from the usa so he may not be that sharp and i still think he is in great shape as for kenenisa bekele he was well beaten by markos geneti but we only had half expectations for bekele as he has been struggling this season it was very hot in the national indoor arena and i felt uncomfortable in the commentary box i think those conditions affected the distance runners and in fact defar complained to her coach after the race that she could not get her breath properly","Here are three bullet points summarizing the article:

• Yelena Isinbayeva broke the women's pole vault record, but the meet was overall lackluster.
• Kelly Holmes and Agnes Samaria showed promise, with Holmes dominating the 800m and Samaria in the top three globally.
• Distance runners struggled in the heat, with Meseret Defar and Bernard Lagat not meeting expectations, while Sarah Claxton and Melanie Purkiss excelled for Britain.",7.567,959,68,10,7,17
2026-06-24T20:03:42,4_few_shot,"Here is an example of a good news summary:
Example article: 'The city approved a new park budget of $2M, to be spent on playgrounds and trails, after years of resident requests.'
Example summary: 'City approved a $2M park budget for playgrounds and trails after sustained resident demand.'

Now summarize this article in the same style (one sentence, neutral tone):

record fails to lift lacklustre meet  yelena isinbayeva may have produced another world pole vault record but her achievement could not hide the fact it was not the best meet we have ever seen in birmingham  and hey there are not many meets that go by without the russian breaking a world record  apparently isinbayeva has cleared five metres in training and i would just love her to put us out of our misery and have a go at it rather than extending the indoor record by one centimetre at a time athletics to me is all about pushing the barriers and being the best you can and i would like to see her have a go at m in competition mind you every time she breaks the record she gets  so she can afford to be deliberate about it world records aside i thought it was a very encouraging evenings work for kelly holmes she looked good and was very positive agnes samaria who came second is in very good shape and is in the worlds top three m runners this season yes samaria let kelly get away but there was no coming back over the last m as kelly dominated the race so beating samaria is a bit of a benchmark for kelly my gut feeling is that kelly would like to run in the european indoor championships but she just hasnt convinced herself she is fit enough to do so on the other hand i think jason gardener is struggling to come near what is going to be required to win the mens m in madrid he started well in the final but still could not stay with the frontrunners jason has a lot of experience indoors but for some reason he is struggling to maintain his pace through to the finish  it would have been nice to see what mark lewisfrancis could have done in the final if only he hadnt got himself disqualified he was blatantly playing the falsestart game to his advantage but it tripped him up and made him look a bit silly my view is youre meant to go when the gun goes and not before and if you try to unsettle your rivals by employing the falsestart tactic you have to remember not to false start yourself again having said that mark is looking in much better shape but i havent seen anything from mark or jason yet which suggests frances ronald pognon  who has run  seconds  will be under threat at the europeans from a british point of view sarah claxtons victory in the m hurdles was the best thing to come out of the meet  something else that probably went unnoticed was melanie purkiss winning the womens national m race in a new personal best of  seconds aaas champion kim wall came second in another lifetime best so we have a very strong xm squad going to the european championships scotlands lee mcconnell is probably going to run too so we have a real prospect of a medal from an international perspective i thought meseret defar was disappointing in the m but i dont think the pacemaking was great canadian heather hennigar set a fast early pace but could not maintain it and if jo pavey had been in last years shape she would have given defar a real run for her money she had a go but just could not hang in there we were also expecting a bit more from bernard lagat in the mens m but he has only just come over from the usa so he may not be that sharp and i still think he is in great shape as for kenenisa bekele he was well beaten by markos geneti but we only had half expectations for bekele as he has been struggling this season it was very hot in the national indoor arena and i felt uncomfortable in the commentary box i think those conditions affected the distance runners and in fact defar complained to her coach after the race that she could not get her breath properly","Here is a neutral tone summary of the article in one sentence:

Athletes including Yelena Isinbayeva and Kelly Holmes showed promising performances at a meet in Birmingham, while others like Jason Gardener and Kenenisa Bekele struggled with pace and form.",9.948,949,40,10,2,12
2026-06-24T20:03:52,5_chain_of_thought,"First, identify the 3 most important facts in this article. Then, using only those facts, write a single concise summary paragraph (max 40 words). Show your reasoning step by step, then give the final summary clearly labeled 'FINAL SUMMARY:'.

Article:
record fails to lift lacklustre meet  yelena isinbayeva may have produced another world pole vault record but her achievement could not hide the fact it was not the best meet we have ever seen in birmingham  and hey there are not many meets that go by without the russian breaking a world record  apparently isinbayeva has cleared five metres in training and i would just love her to put us out of our misery and have a go at it rather than extending the indoor record by one centimetre at a time athletics to me is all about pushing the barriers and being the best you can and i would like to see her have a go at m in competition mind you every time she breaks the record she gets  so she can afford to be deliberate about it world records aside i thought it was a very encouraging evenings work for kelly holmes she looked good and was very positive agnes samaria who came second is in very good shape and is in the worlds top three m runners this season yes samaria let kelly get away but there was no coming back over the last m as kelly dominated the race so beating samaria is a bit of a benchmark for kelly my gut feeling is that kelly would like to run in the european indoor championships but she just hasnt convinced herself she is fit enough to do so on the other hand i think jason gardener is struggling to come near what is going to be required to win the mens m in madrid he started well in the final but still could not stay with the frontrunners jason has a lot of experience indoors but for some reason he is struggling to maintain his pace through to the finish  it would have been nice to see what mark lewisfrancis could have done in the final if only he hadnt got himself disqualified he was blatantly playing the falsestart game to his advantage but it tripped him up and made him look a bit silly my view is youre meant to go when the gun goes and not before and if you try to unsettle your rivals by employing the falsestart tactic you have to remember not to false start yourself again having said that mark is looking in much better shape but i havent seen anything from mark or jason yet which suggests frances ronald pognon  who has run  seconds  will be under threat at the europeans from a british point of view sarah claxtons victory in the m hurdles was the best thing to come out of the meet  something else that probably went unnoticed was melanie purkiss winning the womens national m race in a new personal best of  seconds aaas champion kim wall came second in another lifetime best so we have a very strong xm squad going to the european championships scotlands lee mcconnell is probably going to run too so we have a real prospect of a medal from an international perspective i thought meseret defar was disappointing in the m but i dont think the pacemaking was great canadian heather hennigar set a fast early pace but could not maintain it and if jo pavey had been in last years shape she would have given defar a real run for her money she had a go but just could not hang in there we were also expecting a bit more from bernard lagat in the mens m but he has only just come over from the usa so he may not be that sharp and i still think he is in great shape as for kenenisa bekele he was well beaten by markos geneti but we only had half expectations for bekele as he has been struggling this season it was very hot in the national indoor arena and i felt uncomfortable in the commentary box i think those conditions affected the distance runners and in fact defar complained to her coach after the race that she could not get her breath properly","**Step 1: Identify the 3 most important facts in the article.**

1. Yelena Isinbayeva broke the world pole vault record, but the achievement was overshadowed by a lackluster meet.
2. Kelly Holmes looked good and dominated the 1500m race, beating Agnes Samaria.
3. Frances Rondel Pognon may be under threat for the European indoor championships due to the strong performance of British athletes.

**Step 2: Analyze the relevance of each fact.**

The first fact provides context for the meet, but it's not directly related to the athletes' performances. The second fact highlights Kelly Holmes' strong performance and potential for the European championships. The third fact indicates a potential challenge for Frances Rondel Pognon, making it relevant to the broader context of the meet.

**Step 3: Select the most important facts.**

Based on the analysis, the top 3 facts are:

1. Kelly Holmes looked good and dominated the 1500m race, beating Agnes Samaria.
2. Frances Rondel Pognon may be under threat for the European indoor championships due to the strong performance of British athletes.
3. (The first fact is not selected due to its focus on the meet's overall quality rather than an athlete's performance.)

**Step 4: Write a concise summary paragraph using the selected facts.**

Kelly Holmes dominated the 1500m race, beating Agnes Samaria. This strong performance suggests she could be a contender for the European indoor championships. Meanwhile, Frances Rondel Pognon may face a challenge from British athletes.

**FINAL SUMMARY:** Kelly Holmes dominated the 1500m race, beating Agnes Samaria, and her strong performance raises hopes for the European indoor championships. British athletes, including Kelly Holmes, may challenge Frances Rondel Pognon's chances.",9.312,1255,272,0,7,7
2026-06-24T20:03:59,1_naive,Summarize this article: edu describes tunnel fracas  arsenals edu has lifted the lid on the scenes that followed manchester uniteds win over the gunners  the brazilian confirmed tempers had flared but could shed no light on reports that food was thrown at united boss sir alex ferguson i saw people being pulled apart people pushing pointing and shouting he told uefas official website the united players were trying to wind us up about the result but i didnt see any soup being thrown at anyone however edu tried to play down the incidents adding there was nothing that i havent seen in brazilian derbies derby matches in brazil are worse i like to play in games like this with this intense rivalry but edu was highly critical of the ferocity of some of uniteds challenges during the game particularly on jose antonio reyes i think we were a lot fairer in the tackles than united he said reyes was being kicked all over the park  they were beating up the boy and gary neville was tackling in such a way that he should have been sent off following the game the football association said it would look into events in the tunnel it also charged ruud van nistelrooy with serious foul play while arsenal boss arsene wenger has been asked to explain comments he made about the referee,"The article discusses the intense scenes that followed Manchester United's win over Arsenal, with Brazilian player Edu providing insight into the tunnel fracas. Edu stated that tempers flared, with people being pulled apart, pushing, pointing, and shouting, but denied reports that food was thrown at United boss Sir Alex Ferguson. He attempted to downplay the incidents, comparing them to Brazilian derbies, which he claims are worse.

Edu was critical of Manchester United's tackling, particularly on Arsenal player Jose Antonio Reyes, claiming that they were unfair and that one of their players should have been sent off. The Football Association has announced that it will investigate the incidents in the tunnel, and Ruud van Nistelrooy has been charged with serious foul play. Additionally, Arsenal boss Arsene Wenger has been asked to explain comments he made about the referee after the game.",7.322,479,140,2,2,4
2026-06-24T20:04:04,2_role_based,"You are an expert news editor with 20 years of experience writing concise, accurate summaries for busy readers. Summarize the following article in a way that captures the most newsworthy points:

edu describes tunnel fracas  arsenals edu has lifted the lid on the scenes that followed manchester uniteds win over the gunners  the brazilian confirmed tempers had flared but could shed no light on reports that food was thrown at united boss sir alex ferguson i saw people being pulled apart people pushing pointing and shouting he told uefas official website the united players were trying to wind us up about the result but i didnt see any soup being thrown at anyone however edu tried to play down the incidents adding there was nothing that i havent seen in brazilian derbies derby matches in brazil are worse i like to play in games like this with this intense rivalry but edu was highly critical of the ferocity of some of uniteds challenges during the game particularly on jose antonio reyes i think we were a lot fairer in the tackles than united he said reyes was being kicked all over the park  they were beating up the boy and gary neville was tackling in such a way that he should have been sent off following the game the football association said it would look into events in the tunnel it also charged ruud van nistelrooy with serious foul play while arsenal boss arsene wenger has been asked to explain comments he made about the referee","**Tunnel Brawl Erupts After Manchester United's Win Over Arsenal**

A heated confrontation occurred in the tunnel after Manchester United's 2-0 win over Arsenal on Saturday. Brazilian defender Edu described the scene as intense, with players from both teams arguing and pushing each other. While Edu downplayed reports of food being thrown at United manager Sir Alex Ferguson, he criticized United's tackling, particularly on Arsenal's Jose Antonio Reyes, calling it ""beating up the boy.""

The Football Association has launched an investigation into the incident and has charged Manchester United striker Ruud van Nistelrooy with serious foul play. Arsenal manager Arsene Wenger has been asked to explain his comments about the referee.",4.859,481,110,5,7,12
2026-06-24T20:04:08,3_structured_format,"Summarize the following article in exactly 3 bullet points, each under 15 words, covering: (1) what happened, (2) why it matters, (3) what happens next.

Article:
edu describes tunnel fracas  arsenals edu has lifted the lid on the scenes that followed manchester uniteds win over the gunners  the brazilian confirmed tempers had flared but could shed no light on reports that food was thrown at united boss sir alex ferguson i saw people being pulled apart people pushing pointing and shouting he told uefas official website the united players were trying to wind us up about the result but i didnt see any soup being thrown at anyone however edu tried to play down the incidents adding there was nothing that i havent seen in brazilian derbies derby matches in brazil are worse i like to play in games like this with this intense rivalry but edu was highly critical of the ferocity of some of uniteds challenges during the game particularly on jose antonio reyes i think we were a lot fairer in the tackles than united he said reyes was being kicked all over the park  they were beating up the boy and gary neville was tackling in such a way that he should have been sent off following the game the football association said it would look into events in the tunnel it also charged ruud van nistelrooy with serious foul play while arsenal boss arsene wenger has been asked to explain comments he made about the referee","Here are 3 bullet points summarizing the article:

• Tempers flared in the tunnel after Manchester United won over Arsenal, with reports of food thrown and players being pulled apart.
• The incident highlights concerns about the intense rivalry and ferocity of challenges between teams, particularly Manchester United's treatment of Jose Antonio Reyes.
• The Football Association will investigate the events in the tunnel, and Arsenal's Ruud van Nistelrooy has been charged with serious foul play, while Arsene Wenger faces questions over his comments on the referee.",4.567,452,87,8,7,15
2026-06-24T20:04:14,4_few_shot,"Here is an example of a good news summary:
Example article: 'The city approved a new park budget of $2M, to be spent on playgrounds and trails, after years of resident requests.'
Example summary: 'City approved a $2M park budget for playgrounds and trails after sustained resident demand.'

Now summarize this article in the same style (one sentence, neutral tone):

edu describes tunnel fracas  arsenals edu has lifted the lid on the scenes that followed manchester uniteds win over the gunners  the brazilian confirmed tempers had flared but could shed no light on reports that food was thrown at united boss sir alex ferguson i saw people being pulled apart people pushing pointing and shouting he told uefas official website the united players were trying to wind us up about the result but i didnt see any soup being thrown at anyone however edu tried to play down the incidents adding there was nothing that i havent seen in brazilian derbies derby matches in brazil are worse i like to play in games like this with this intense rivalry but edu was highly critical of the ferocity of some of uniteds challenges during the game particularly on jose antonio reyes i think we were a lot fairer in the tackles than united he said reyes was being kicked all over the park  they were beating up the boy and gary neville was tackling in such a way that he should have been sent off following the game the football association said it would look into events in the tunnel it also charged ruud van nistelrooy with serious foul play while arsenal boss arsene wenger has been asked to explain comments he made about the referee","UEFA investigated altercations at Manchester United's post-match tunnel confrontation with Arsenal, with both teams' players and staff involved in heated exchanges and physical altercations.",5.339,413,24,10,7,17
2026-06-24T20:04:18,5_chain_of_thought,"First, identify the 3 most important facts in this article. Then, using only those facts, write a single concise summary paragraph (max 40 words). Show your reasoning step by step, then give the final summary clearly labeled 'FINAL SUMMARY:'.

Article:
edu describes tunnel fracas  arsenals edu has lifted the lid on the scenes that followed manchester uniteds win over the gunners  the brazilian confirmed tempers had flared but could shed no light on reports that food was thrown at united boss sir alex ferguson i saw people being pulled apart people pushing pointing and shouting he told uefas official website the united players were trying to wind us up about the result but i didnt see any soup being thrown at anyone however edu tried to play down the incidents adding there was nothing that i havent seen in brazilian derbies derby matches in brazil are worse i like to play in games like this with this intense rivalry but edu was highly critical of the ferocity of some of uniteds challenges during the game particularly on jose antonio reyes i think we were a lot fairer in the tackles than united he said reyes was being kicked all over the park  they were beating up the boy and gary neville was tackling in such a way that he should have been sent off following the game the football association said it would look into events in the tunnel it also charged ruud van nistelrooy with serious foul play while arsenal boss arsene wenger has been asked to explain comments he made about the referee","**Step 1: Identify the 3 most important facts in the article**

1. Tempers flared in the tunnel after Manchester United's win over Arsenal, with Edu describing people being pulled apart, pushing, pointing, and shouting.
2. The Football Association will investigate events in the tunnel and has charged Ruud van Nistelrooy with serious foul play.
3. Arsenal's Edu criticized Manchester United's tackling, particularly on Jose Antonio Reyes, saying they were ""beating up the boy"" and that Gary Neville's tackling was worthy of a red card.

**Step 2: Analyze the facts and determine the main theme**

The article primarily discusses the incidents that occurred in the tunnel after the Manchester United vs. Arsenal match, including the physical altercations and the criticisms of Manchester United's tackling.

**Step 3: Write a concise summary paragraph**

Using the identified facts and focusing on the main theme, I will write a summary paragraph:

Incidents flared in the tunnel after Manchester United's win, with physical altercations and criticisms of their tackling. The FA will investigate and has charged Ruud van Nistelrooy, while Arsenal's Edu condemned United's tackling, particularly on Jose Antonio Reyes.

**FINAL SUMMARY:**

Incidents flared in the tunnel after Manchester United's win, with physical altercations and criticisms of their tackling. The FA will investigate and has charged Ruud van Nistelrooy, while Arsenal's Edu condemned United's tackling, particularly on Jose Antonio Reyes.",4.33,663,224,0,7,7
2026-06-24T20:04:27,1_naive,Summarize this article: ogara revels in ireland victory  ireland flyhalf ronan ogara hailed his sides  victory over england as a special win  the munster number  kicked a total of  points including two drop goals to help keep alive their grand slam hopes he told bbc sport we made hard work of it but its still special to beat england i had three chances to win the game but didnt we have work to do after this but we never take a victory over england lightly ireland hooker shane byrne echoed ogaras comments but admitted the game had been englands best outing in the six nations byrne said it was a really really hard game but from one to  in our team we worked really really hard we just had to stick to our defensive pattern trust ourselves and trust those around us all round it was fantastic ireland captain brian odriscoll who scored his sides only try said we are delighted we felt if we performed well then we would win but with england also having played very well it makes it all the sweeter we did get the bounce of the ball and some days that happens and youve just got to jump on the back of it  ireland coach eddie osullivan was surprised that england coach andy robinson said he was certain mark cueto was onside for a disallowed try just before the break andy was sitting two yards from me and i couldnt see whether he was offside or not so i dont know how andy could have known said osullivan  what i do know is that england played well and when that happens it makes a very good victory for us we had to defend for long periods and that is all good for the confidence of the team i think our try was very well worked it was a gem as good a try as we have scored for a while osullivan also rejected robinsons contention england dominated the forward play i think we lost one lineout and they lost four or five so i dont know how that adds up to domination he said odriscoll also insisted ireland were happy to handle the pressure of being considered favourites to win the six nations title this season for the first time we have been able to play with the favourites tag he said hopefully we have proved that today and can continue to keep doing so as for my try it was a move we had worked on all week there was a bit of magic from geordan murphy and it was a great break from denis hickie,"The article discusses Ireland's victory over England in a Six Nations match. Ireland's flyhalf, Ronan O'Gara, scored a total of 23 points, including two drop goals, to help his team keep alive their Grand Slam hopes. O'Gara described the win as ""special"" and stated that Ireland never take a victory over England lightly.

Ireland's hooker, Shane Byrne, echoed O'Gara's sentiments, saying that the game was England's best outing in the Six Nations, but Ireland's defensive pattern and teamwork prevailed. Ireland's captain, Brian O'Driscoll, scored a try and said that the team was delighted with the win, describing it as ""sweeter"" due to England's strong performance.

Ireland's coach, Eddie O'Sullivan, rejected England coach Andy Robinson's claims that England dominated the forward play, pointing out that Ireland lost only one lineout while England lost several. O'Sullivan also expressed surprise that Robinson said he was certain that a disallowed try was valid, given that he was sitting nearby and couldn't see whether the player was offside.

O'Driscoll also addressed the pressure of being considered favorites to win the Six Nations title, saying that Ireland was happy to handle it and that the team had proved their worth with the win. He credited the team's try, which was worked on all week, to a bit of magic from Geordan Murphy and a great break from Denis Hickie.",8.522,853,223,0,2,2
2026-06-24T20:04:35,2_role_based,"You are an expert news editor with 20 years of experience writing concise, accurate summaries for busy readers. Summarize the following article in a way that captures the most newsworthy points:

ogara revels in ireland victory  ireland flyhalf ronan ogara hailed his sides  victory over england as a special win  the munster number  kicked a total of  points including two drop goals to help keep alive their grand slam hopes he told bbc sport we made hard work of it but its still special to beat england i had three chances to win the game but didnt we have work to do after this but we never take a victory over england lightly ireland hooker shane byrne echoed ogaras comments but admitted the game had been englands best outing in the six nations byrne said it was a really really hard game but from one to  in our team we worked really really hard we just had to stick to our defensive pattern trust ourselves and trust those around us all round it was fantastic ireland captain brian odriscoll who scored his sides only try said we are delighted we felt if we performed well then we would win but with england also having played very well it makes it all the sweeter we did get the bounce of the ball and some days that happens and youve just got to jump on the back of it  ireland coach eddie osullivan was surprised that england coach andy robinson said he was certain mark cueto was onside for a disallowed try just before the break andy was sitting two yards from me and i couldnt see whether he was offside or not so i dont know how andy could have known said osullivan  what i do know is that england played well and when that happens it makes a very good victory for us we had to defend for long periods and that is all good for the confidence of the team i think our try was very well worked it was a gem as good a try as we have scored for a while osullivan also rejected robinsons contention england dominated the forward play i think we lost one lineout and they lost four or five so i dont know how that adds up to domination he said odriscoll also insisted ireland were happy to handle the pressure of being considered favourites to win the six nations title this season for the first time we have been able to play with the favourites tag he said hopefully we have proved that today and can continue to keep doing so as for my try it was a move we had worked on all week there was a bit of magic from geordan murphy and it was a great break from denis hickie","**Ireland Defeats England in Thrilling Six Nations Match**

Ireland flyhalf Ronan O'Gara led his team to a hard-fought 19-13 victory over England, keeping alive their Grand Slam hopes. O'Gara's 17 points, including two drop goals, were crucial in securing the win. Ireland captain Brian O'Driscoll praised his team's defensive effort, saying they ""stuck to our pattern, trusted ourselves and those around us."" England coach Andy Robinson was left frustrated by the disallowed try just before halftime, with Ireland coach Eddie O'Sullivan questioning how Robinson could have known Mark Cueto was onside from a distance.

The win marks a significant milestone for Ireland, who were considered favorites to win the Six Nations title for the first time. O'Driscoll said Ireland was happy to handle the pressure, and O'Sullivan praised his team's defensive performance, saying it was ""all good for the confidence of the team."" The victory sets up a crucial match for Ireland in their pursuit of the Grand Slam.",8.823,803,159,1,7,8
2026-06-24T20:04:43,3_structured_format,"Summarize the following article in exactly 3 bullet points, each under 15 words, covering: (1) what happened, (2) why it matters, (3) what happens next.

Article:
ogara revels in ireland victory  ireland flyhalf ronan ogara hailed his sides  victory over england as a special win  the munster number  kicked a total of  points including two drop goals to help keep alive their grand slam hopes he told bbc sport we made hard work of it but its still special to beat england i had three chances to win the game but didnt we have work to do after this but we never take a victory over england lightly ireland hooker shane byrne echoed ogaras comments but admitted the game had been englands best outing in the six nations byrne said it was a really really hard game but from one to  in our team we worked really really hard we just had to stick to our defensive pattern trust ourselves and trust those around us all round it was fantastic ireland captain brian odriscoll who scored his sides only try said we are delighted we felt if we performed well then we would win but with england also having played very well it makes it all the sweeter we did get the bounce of the ball and some days that happens and youve just got to jump on the back of it  ireland coach eddie osullivan was surprised that england coach andy robinson said he was certain mark cueto was onside for a disallowed try just before the break andy was sitting two yards from me and i couldnt see whether he was offside or not so i dont know how andy could have known said osullivan  what i do know is that england played well and when that happens it makes a very good victory for us we had to defend for long periods and that is all good for the confidence of the team i think our try was very well worked it was a gem as good a try as we have scored for a while osullivan also rejected robinsons contention england dominated the forward play i think we lost one lineout and they lost four or five so i dont know how that adds up to domination he said odriscoll also insisted ireland were happy to handle the pressure of being considered favourites to win the six nations title this season for the first time we have been able to play with the favourites tag he said hopefully we have proved that today and can continue to keep doing so as for my try it was a move we had worked on all week there was a bit of magic from geordan murphy and it was a great break from denis hickie","Here are three bullet points summarizing the article:

• Ireland defeated England in a hard-fought Six Nations match.
• The victory matters as it keeps Ireland's Grand Slam hopes alive and boosts their confidence.
• Ireland coach Eddie O'Sullivan will look to build on this momentum and maintain their position as favorites to win the Six Nations title.",7.551,658,58,10,7,17
2026-06-24T20:04:49,4_few_shot,"Here is an example of a good news summary:
Example article: 'The city approved a new park budget of $2M, to be spent on playgrounds and trails, after years of resident requests.'
Example summary: 'City approved a $2M park budget for playgrounds and trails after sustained resident demand.'

Now summarize this article in the same style (one sentence, neutral tone):

ogara revels in ireland victory  ireland flyhalf ronan ogara hailed his sides  victory over england as a special win  the munster number  kicked a total of  points including two drop goals to help keep alive their grand slam hopes he told bbc sport we made hard work of it but its still special to beat england i had three chances to win the game but didnt we have work to do after this but we never take a victory over england lightly ireland hooker shane byrne echoed ogaras comments but admitted the game had been englands best outing in the six nations byrne said it was a really really hard game but from one to  in our team we worked really really hard we just had to stick to our defensive pattern trust ourselves and trust those around us all round it was fantastic ireland captain brian odriscoll who scored his sides only try said we are delighted we felt if we performed well then we would win but with england also having played very well it makes it all the sweeter we did get the bounce of the ball and some days that happens and youve just got to jump on the back of it  ireland coach eddie osullivan was surprised that england coach andy robinson said he was certain mark cueto was onside for a disallowed try just before the break andy was sitting two yards from me and i couldnt see whether he was offside or not so i dont know how andy could have known said osullivan  what i do know is that england played well and when that happens it makes a very good victory for us we had to defend for long periods and that is all good for the confidence of the team i think our try was very well worked it was a gem as good a try as we have scored for a while osullivan also rejected robinsons contention england dominated the forward play i think we lost one lineout and they lost four or five so i dont know how that adds up to domination he said odriscoll also insisted ireland were happy to handle the pressure of being considered favourites to win the six nations title this season for the first time we have been able to play with the favourites tag he said hopefully we have proved that today and can continue to keep doing so as for my try it was a move we had worked on all week there was a bit of magic from geordan murphy and it was a great break from denis hickie","Ireland secured a hard-fought victory over England, with Ronan O'Gara scoring  points and a try from Brian O'Driscoll helping to keep their grand slam hopes alive.",6.551,665,26,10,7,17
2026-06-24T20:04:57,5_chain_of_thought,"First, identify the 3 most important facts in this article. Then, using only those facts, write a single concise summary paragraph (max 40 words). Show your reasoning step by step, then give the final summary clearly labeled 'FINAL SUMMARY:'.

Article:
ogara revels in ireland victory  ireland flyhalf ronan ogara hailed his sides  victory over england as a special win  the munster number  kicked a total of  points including two drop goals to help keep alive their grand slam hopes he told bbc sport we made hard work of it but its still special to beat england i had three chances to win the game but didnt we have work to do after this but we never take a victory over england lightly ireland hooker shane byrne echoed ogaras comments but admitted the game had been englands best outing in the six nations byrne said it was a really really hard game but from one to  in our team we worked really really hard we just had to stick to our defensive pattern trust ourselves and trust those around us all round it was fantastic ireland captain brian odriscoll who scored his sides only try said we are delighted we felt if we performed well then we would win but with england also having played very well it makes it all the sweeter we did get the bounce of the ball and some days that happens and youve just got to jump on the back of it  ireland coach eddie osullivan was surprised that england coach andy robinson said he was certain mark cueto was onside for a disallowed try just before the break andy was sitting two yards from me and i couldnt see whether he was offside or not so i dont know how andy could have known said osullivan  what i do know is that england played well and when that happens it makes a very good victory for us we had to defend for long periods and that is all good for the confidence of the team i think our try was very well worked it was a gem as good a try as we have scored for a while osullivan also rejected robinsons contention england dominated the forward play i think we lost one lineout and they lost four or five so i dont know how that adds up to domination he said odriscoll also insisted ireland were happy to handle the pressure of being considered favourites to win the six nations title this season for the first time we have been able to play with the favourites tag he said hopefully we have proved that today and can continue to keep doing so as for my try it was a move we had worked on all week there was a bit of magic from geordan murphy and it was a great break from denis hickie","**Identifying the 3 most important facts:**

1. Ireland defeated England in a crucial match, keeping their Grand Slam hopes alive.
2. Ireland's flyhalf, Ronan O'Gara, kicked a total of points, including two drop goals, to contribute significantly to the team's victory.
3. Ireland coach Eddie O'Sullivan and captain Brian O'Driscoll praised the team's defensive performance, which they considered a key factor in their win.

**Step-by-step reasoning:**

- These three facts capture the essence of the article, which focuses on the outcome of the match, a significant contribution from O'Gara, and the team's defensive performance.
- The facts are concise and directly related to the main theme of the article.
- They provide a clear understanding of the match's result and the factors that contributed to Ireland's victory.

**FINAL SUMMARY:**
Ireland defeated England, keeping their Grand Slam hopes alive, with Ronan O'Gara contributing significantly through his kicking. The team's defensive performance, led by coach Eddie O'Sullivan and captain Brian O'Driscoll, was a key factor in their victory.",7.257,835,166,0,7,7
2026-06-24T20:05:07,1_naive,Summarize this article: unclear future for striker baros  liverpool forward milan baros is uncertain whether he remains part of boss rafa benitezs plans after being dropped for the carling cup final  baros who is liverpools leading scorer this season denied reports of a row with benitez but claims he is mystified at being left on the bench he told czech newspaper daily sport i dont know why i didnt play on sunday i didnt argue with anybody i was disappointed but i am not thinking of leaving right now the czech international came on as a substitute after  minutes but could not prevent his side losing  to chelsea after extratime  baros denied suggestions he wanted to leave the millennium stadium before the match upon learning of his omission from the starting lineup but his admission that he guessed something like this was going to happen on saturday will do little to quell claims of a fallingout with benitez and although baros insisted thoughts of quitting anfield are not in my mind right now he admitted everything is possible,"Czech striker Milan Baros is uncertain about his future at Liverpool after being dropped from the starting lineup for the Carling Cup final. Despite being the team's leading scorer this season, Baros was left on the bench and came on as a substitute after 60 minutes, but could not prevent Liverpool's loss to Chelsea. Baros denied rumors of a row with manager Rafa Benitez, but expressed his disappointment at being left out and admitted that he ""guessed something like this was going to happen"" on the day before the match. Baros has stated that he is not thinking of leaving Liverpool right now, but has left the door open for a possible departure in the future, saying ""everything is possible.""",10.009,398,120,4,0,4
2026-06-24T20:05:07,2_role_based,"You are an expert news editor with 20 years of experience writing concise, accurate summaries for busy readers. Summarize the following article in a way that captures the most newsworthy points:

unclear future for striker baros  liverpool forward milan baros is uncertain whether he remains part of boss rafa benitezs plans after being dropped for the carling cup final  baros who is liverpools leading scorer this season denied reports of a row with benitez but claims he is mystified at being left on the bench he told czech newspaper daily sport i dont know why i didnt play on sunday i didnt argue with anybody i was disappointed but i am not thinking of leaving right now the czech international came on as a substitute after  minutes but could not prevent his side losing  to chelsea after extratime  baros denied suggestions he wanted to leave the millennium stadium before the match upon learning of his omission from the starting lineup but his admission that he guessed something like this was going to happen on saturday will do little to quell claims of a fallingout with benitez and although baros insisted thoughts of quitting anfield are not in my mind right now he admitted everything is possible","**Liverpool Striker Milan Baros' Future Uncertain**

Liverpool forward Milan Baros has sparked speculation about his future at the club after being dropped for the Carling Cup final. Despite being the team's leading scorer this season, Baros was left on the bench for the loss to Chelsea. He denied reports of a row with manager Rafa Benitez, but expressed surprise at being omitted from the starting lineup. Baros came on as a substitute but couldn't prevent the defeat. He has ruled out immediate departure, but left the door open for a potential exit in the future, stating ""everything is possible.""",0.561,411,99,7,0,7
2026-06-24T20:05:09,3_structured_format,"Summarize the following article in exactly 3 bullet points, each under 15 words, covering: (1) what happened, (2) why it matters, (3) what happens next.

Article:
unclear future for striker baros  liverpool forward milan baros is uncertain whether he remains part of boss rafa benitezs plans after being dropped for the carling cup final  baros who is liverpools leading scorer this season denied reports of a row with benitez but claims he is mystified at being left on the bench he told czech newspaper daily sport i dont know why i didnt play on sunday i didnt argue with anybody i was disappointed but i am not thinking of leaving right now the czech international came on as a substitute after  minutes but could not prevent his side losing  to chelsea after extratime  baros denied suggestions he wanted to leave the millennium stadium before the match upon learning of his omission from the starting lineup but his admission that he guessed something like this was going to happen on saturday will do little to quell claims of a fallingout with benitez and although baros insisted thoughts of quitting anfield are not in my mind right now he admitted everything is possible","Here are 3 bullet points summarizing the article:

• Liverpool striker Milan Baros was dropped from the starting lineup for the Carling Cup final.
• Baros' exclusion raises questions about his future at Liverpool under Rafa Benitez's management.
• Baros denied a falling out with Benitez, but his future at Anfield remains uncertain.",1.599,362,53,10,7,17
2026-06-24T20:05:14,4_few_shot,"Here is an example of a good news summary:
Example article: 'The city approved a new park budget of $2M, to be spent on playgrounds and trails, after years of resident requests.'
Example summary: 'City approved a $2M park budget for playgrounds and trails after sustained resident demand.'

Now summarize this article in the same style (one sentence, neutral tone):

unclear future for striker baros  liverpool forward milan baros is uncertain whether he remains part of boss rafa benitezs plans after being dropped for the carling cup final  baros who is liverpools leading scorer this season denied reports of a row with benitez but claims he is mystified at being left on the bench he told czech newspaper daily sport i dont know why i didnt play on sunday i didnt argue with anybody i was disappointed but i am not thinking of leaving right now the czech international came on as a substitute after  minutes but could not prevent his side losing  to chelsea after extratime  baros denied suggestions he wanted to leave the millennium stadium before the match upon learning of his omission from the starting lineup but his admission that he guessed something like this was going to happen on saturday will do little to quell claims of a fallingout with benitez and although baros insisted thoughts of quitting anfield are not in my mind right now he admitted everything is possible","Liverpool forward Milan Baros is uncertain about his future with the team after being dropped for the Carling Cup final, despite denying reports of a disagreement with manager Rafa Benitez.",4.649,363,30,10,2,12
2026-06-24T20:05:17,5_chain_of_thought,"First, identify the 3 most important facts in this article. Then, using only those facts, write a single concise summary paragraph (max 40 words). Show your reasoning step by step, then give the final summary clearly labeled 'FINAL SUMMARY:'.

Article:
unclear future for striker baros  liverpool forward milan baros is uncertain whether he remains part of boss rafa benitezs plans after being dropped for the carling cup final  baros who is liverpools leading scorer this season denied reports of a row with benitez but claims he is mystified at being left on the bench he told czech newspaper daily sport i dont know why i didnt play on sunday i didnt argue with anybody i was disappointed but i am not thinking of leaving right now the czech international came on as a substitute after  minutes but could not prevent his side losing  to chelsea after extratime  baros denied suggestions he wanted to leave the millennium stadium before the match upon learning of his omission from the starting lineup but his admission that he guessed something like this was going to happen on saturday will do little to quell claims of a fallingout with benitez and although baros insisted thoughts of quitting anfield are not in my mind right now he admitted everything is possible","**Step 1: Identify the 3 most important facts in the article**

1. Milan Baros, Liverpool's leading scorer, was dropped from the starting lineup for the Carling Cup final.
2. Baros denied reports of a row with Rafa Benitez, but expressed confusion and disappointment at being left on the bench.
3. Baros has not ruled out the possibility of leaving Liverpool, despite denying immediate plans to do so.

**Step 2: Analyze the facts and identify the key components of the story**

The key components of the story are Baros's unexpected benching, his denial of a row with Benitez, and the uncertainty surrounding his future at Liverpool.

**Step 3: Write a concise summary paragraph using only the 3 most important facts**

Liverpool striker Milan Baros was dropped from the starting lineup for the Carling Cup final, sparking confusion and disappointment. He denied a row with manager Rafa Benitez, but his future at the club remains uncertain.

**FINAL SUMMARY:**
Liverpool striker Milan Baros was dropped from the starting lineup for the Carling Cup final, sparking confusion and disappointment. He denied a row with manager Rafa Benitez, but his future at the club remains uncertain.",3.683,551,191,0,7,7
2026-06-24T20:05:22,1_naive,Summarize this article: ronaldo considering new contract  manchester united winger cristiano ronaldo said he is close to agreeing to a new contract at old trafford  the portugal star who joined in august  on a fiveyeardeal is a regular in the united firstteam the united board have already made an offer to renew the contract but im trying not to think about it he told the news of the world my agent has spoken with the club and it will be resolved soon i think well reach a good agreement for both sides ronaldo refused to commit his longterm future to the club  nobody knows what will come tomorrow i like being here but who knows he added there arent many bigger and better clubs than this one its my ambition to be at a big club im happy but nobody knows the future,"The article reports that Cristiano Ronaldo, a Manchester United winger, is close to agreeing to a new contract with the club. Ronaldo, who joined Manchester United in August on a five-year deal, has been a regular in the team and has stated that his agent has been in talks with the club to resolve a potential new contract. While Ronaldo is optimistic about reaching a good agreement, he refused to commit to staying at the club long-term, citing the uncertainty of the future and his desire to be at a ""big club.""",4.549,313,92,7,5,12
2026-06-24T20:05:25,2_role_based,"You are an expert news editor with 20 years of experience writing concise, accurate summaries for busy readers. Summarize the following article in a way that captures the most newsworthy points:

ronaldo considering new contract  manchester united winger cristiano ronaldo said he is close to agreeing to a new contract at old trafford  the portugal star who joined in august  on a fiveyeardeal is a regular in the united firstteam the united board have already made an offer to renew the contract but im trying not to think about it he told the news of the world my agent has spoken with the club and it will be resolved soon i think well reach a good agreement for both sides ronaldo refused to commit his longterm future to the club  nobody knows what will come tomorrow i like being here but who knows he added there arent many bigger and better clubs than this one its my ambition to be at a big club im happy but nobody knows the future","**Cristiano Ronaldo Close to Signing New Manchester United Contract**

Manchester United winger Cristiano Ronaldo says he is near a new contract agreement with the club, despite initially being tight-lipped about negotiations. Ronaldo, who joined United in August on a five-year deal, confirmed that his agent has discussed a new contract with the team, and a resolution is expected soon. While Ronaldo expressed satisfaction with his current situation, he stopped short of committing to a long-term future at Old Trafford, hinting that his ambitions may lead him to other top clubs.",3.566,349,90,7,7,14
2026-06-24T20:05:29,3_structured_format,"Summarize the following article in exactly 3 bullet points, each under 15 words, covering: (1) what happened, (2) why it matters, (3) what happens next.

Article:
ronaldo considering new contract  manchester united winger cristiano ronaldo said he is close to agreeing to a new contract at old trafford  the portugal star who joined in august  on a fiveyeardeal is a regular in the united firstteam the united board have already made an offer to renew the contract but im trying not to think about it he told the news of the world my agent has spoken with the club and it will be resolved soon i think well reach a good agreement for both sides ronaldo refused to commit his longterm future to the club  nobody knows what will come tomorrow i like being here but who knows he added there arent many bigger and better clubs than this one its my ambition to be at a big club im happy but nobody knows the future","Here are three bullet points summarizing the article:

• Cristiano Ronaldo considering new contract with Manchester United.
• Ronaldo's decision matters due to his impact on the team's success.
• Ronaldo's contract future will be resolved soon, but his long-term plans unclear.",3.5,297,42,10,7,17
2026-06-24T20:05:31,4_few_shot,"Here is an example of a good news summary:
Example article: 'The city approved a new park budget of $2M, to be spent on playgrounds and trails, after years of resident requests.'
Example summary: 'City approved a $2M park budget for playgrounds and trails after sustained resident demand.'

Now summarize this article in the same style (one sentence, neutral tone):

ronaldo considering new contract  manchester united winger cristiano ronaldo said he is close to agreeing to a new contract at old trafford  the portugal star who joined in august  on a fiveyeardeal is a regular in the united firstteam the united board have already made an offer to renew the contract but im trying not to think about it he told the news of the world my agent has spoken with the club and it will be resolved soon i think well reach a good agreement for both sides ronaldo refused to commit his longterm future to the club  nobody knows what will come tomorrow i like being here but who knows he added there arent many bigger and better clubs than this one its my ambition to be at a big club im happy but nobody knows the future",Cristiano Ronaldo is reportedly close to agreeing to a new contract with Manchester United after his agent discussed terms with the club.,2.283,305,22,10,2,12
2026-06-24T20:05:35,5_chain_of_thought,"First, identify the 3 most important facts in this article. Then, using only those facts, write a single concise summary paragraph (max 40 words). Show your reasoning step by step, then give the final summary clearly labeled 'FINAL SUMMARY:'.

Article:
ronaldo considering new contract  manchester united winger cristiano ronaldo said he is close to agreeing to a new contract at old trafford  the portugal star who joined in august  on a fiveyeardeal is a regular in the united firstteam the united board have already made an offer to renew the contract but im trying not to think about it he told the news of the world my agent has spoken with the club and it will be resolved soon i think well reach a good agreement for both sides ronaldo refused to commit his longterm future to the club  nobody knows what will come tomorrow i like being here but who knows he added there arent many bigger and better clubs than this one its my ambition to be at a big club im happy but nobody knows the future","**Step 1: Identify the 3 most important facts in the article.**

1. Cristiano Ronaldo is considering a new contract at Manchester United.
2. The club has already made an offer to renew his contract.
3. Ronaldo is happy at Manchester United but unsure about his long-term future.

**Step 2: Write a single concise summary paragraph using only these 3 facts.**

Cristiano Ronaldo is close to agreeing to a new contract at Manchester United after the club made an offer to renew his deal. He is happy at the club but unsure about his long-term future.

**FINAL SUMMARY:** Cristiano Ronaldo is close to agreeing to a new contract at Manchester United after the club made an offer to renew his deal, amid his uncertainty about his long-term future.",3.487,411,127,4,7,11
2026-06-24T20:05:45,1_naive,Summarize this article: dawson wins england squad recall  wasps scrumhalf matt dawson has been recalled to englands training squad ahead of the rbs six nations and been reinstated in the elite player squad  coach andy robinson dropped dawson for the autumn tests after he missed training to film a question of sport i always said i would consider bringing matt back if i felt he was playing well robinson said he merits his return on current form newcastles yearold centre mathew tait is also in the training squad its obviously an honour to be asked to train with england said tait who has burst into contention recently i look forward to going down and doing the sessions but the most important thing at the moment is sundays game against newport so im not looking any further than that robinson has invited  players to attend a threeday session in leeds next week in which his squad will train in part with the leeds rhinos rugby league squad  with mike tindall ruled out of the opening two matches and will greenwood sidelined for the entire six nations tait is one of six or seven contenders for the two centre berths stuart abbott jamie noon ollie smith olly barkley and henry paul  who retains his place despite his early substitution against australia  are also in the mix ben cohen could also be considered after switching from the wing for his club northampton recently prop phil vickery and lock simon shaw both return to the squad after missing the autumn tests through injury while wasps wing tom voyce is recalled the group also includes bath flanker andy beattie and leicester hooker george chuter beattie has matured greatly as a player these past two seasons robinson said jonny wilkinson tindall and martin corry have all been included despite their unavailability for the opening two matches against wales and france  the revised man elite squad includes wasps hooker phil greening who replaces the retired mark regan and sale wing mark cueto cueto was selected for the november internationals despite not being part of the group but scored four tries in three england appearances leicester scrumhalf harry ellis has also been promoted from the senior national academy and will contest the number nine jersey with dawson and gloucesters andy gomarsall the players in robinsons elite squad can only play  matches for club and country they can be called up for a total of  training days in addition to the recognised international weeks for each of the years leading up to the next world cup  balshaw cohen cueto lewsey robinson simpsondaniel voyce abbott noon paul smith tait tindall barkley hodgson king wilkinson dawson ellis gomarsall  chuter thompson titterrell rowntree sheridan stevens vickery white borthwick brown l deacon grewcock kay shaw beattie corry forrester hazell jones moody vyvyan j worsley  abbott balshaw borthwick a brown chuter cohen corry cueto dawson ellis flatman gomarsall greening greenwood grewcock hazell hill hodgson kay king lewsey moody noon paul robinson rowntree shaw simpsondaniel thompson tindall titterrell vickery vyvyan white wilkinson j worsley m worsley  barkley beattie christophers l deacon forrester c jones palmer rees sheridan skinner smith stevens tait voyce  dowson haughton monye roques p sanderson,"England Rugby Coach Andy Robinson has recalled Wasps scrumhalf Matt Dawson to the national team's training squad ahead of the RBS Six Nations. Dawson had been dropped from the team in the autumn due to missing training to film a TV show, but has since impressed with his form at Wasps. Newcastle's Matthew Tait, a 25-year-old centre, has also been included in the training squad. 

Robinson has also invited players to attend a three-day session in Leeds, where the team will train with the Leeds Rhinos rugby league squad. This is part of a strategy to improve the team's fitness and skills.

Several players have been included in the training squad with a chance to fill the centre spots, including Stuart Abbott, Jamie Noon, Ollie Smith, Olly Barkley, and Henry Paul. Ben Cohen, who has recently switched from the wing to centre for his club Northampton, is also in contention.

Prop Phil Vickery and lock Simon Shaw have both returned to the squad after missing the autumn tests due to injury. Wasps wing Tom Voyce has also been recalled to the team.

The revised Elite Player Squad includes Wasps hooker Phil Greening, who replaces the retired Mark Regan, and Sale wing Mark Cueto, who has been promoted after scoring four tries in three England appearances.

The players in the Elite Player Squad can only play 5 matches for club and country and can be called up for a total of 20 training days in addition to the recognised international weeks for each of the years leading up to the next World Cup.",10.075,1121,262,0,7,7
2026-06-24T20:05:57,2_role_based,"You are an expert news editor with 20 years of experience writing concise, accurate summaries for busy readers. Summarize the following article in a way that captures the most newsworthy points:

dawson wins england squad recall  wasps scrumhalf matt dawson has been recalled to englands training squad ahead of the rbs six nations and been reinstated in the elite player squad  coach andy robinson dropped dawson for the autumn tests after he missed training to film a question of sport i always said i would consider bringing matt back if i felt he was playing well robinson said he merits his return on current form newcastles yearold centre mathew tait is also in the training squad its obviously an honour to be asked to train with england said tait who has burst into contention recently i look forward to going down and doing the sessions but the most important thing at the moment is sundays game against newport so im not looking any further than that robinson has invited  players to attend a threeday session in leeds next week in which his squad will train in part with the leeds rhinos rugby league squad  with mike tindall ruled out of the opening two matches and will greenwood sidelined for the entire six nations tait is one of six or seven contenders for the two centre berths stuart abbott jamie noon ollie smith olly barkley and henry paul  who retains his place despite his early substitution against australia  are also in the mix ben cohen could also be considered after switching from the wing for his club northampton recently prop phil vickery and lock simon shaw both return to the squad after missing the autumn tests through injury while wasps wing tom voyce is recalled the group also includes bath flanker andy beattie and leicester hooker george chuter beattie has matured greatly as a player these past two seasons robinson said jonny wilkinson tindall and martin corry have all been included despite their unavailability for the opening two matches against wales and france  the revised man elite squad includes wasps hooker phil greening who replaces the retired mark regan and sale wing mark cueto cueto was selected for the november internationals despite not being part of the group but scored four tries in three england appearances leicester scrumhalf harry ellis has also been promoted from the senior national academy and will contest the number nine jersey with dawson and gloucesters andy gomarsall the players in robinsons elite squad can only play  matches for club and country they can be called up for a total of  training days in addition to the recognised international weeks for each of the years leading up to the next world cup  balshaw cohen cueto lewsey robinson simpsondaniel voyce abbott noon paul smith tait tindall barkley hodgson king wilkinson dawson ellis gomarsall  chuter thompson titterrell rowntree sheridan stevens vickery white borthwick brown l deacon grewcock kay shaw beattie corry forrester hazell jones moody vyvyan j worsley  abbott balshaw borthwick a brown chuter cohen corry cueto dawson ellis flatman gomarsall greening greenwood grewcock hazell hill hodgson kay king lewsey moody noon paul robinson rowntree shaw simpsondaniel thompson tindall titterrell vickery vyvyan white wilkinson j worsley m worsley  barkley beattie christophers l deacon forrester c jones palmer rees sheridan skinner smith stevens tait voyce  dowson haughton monye roques p sanderson","**England Squad Recall for RBS Six Nations**

In a surprise move, England coach Andy Robinson has recalled Wasps scrumhalf Matt Dawson to the training squad ahead of the RBS Six Nations. Dawson, who was dropped for the autumn tests after missing training to film ""A Question of Sport,"" has been reinstated due to his current form. Newcastle's Mathew Tait, who has burst into contention, is also part of the training squad.

The group, set to train in Leeds next week with the Leeds Rhinos rugby league squad, includes several other notable players vying for spots in the starting lineup. These include Stuart Abbott, Jamie Noon, Ollie Smith, Olly Barkley, and Henry Paul, who retains his place despite an early substitution against Australia.

Prop Phil Vickery and lock Simon Shaw return to the squad after missing the autumn tests due to injury, while Wasps wing Tom Voyce is also recalled. The revised Elite Player Squad includes Wasps hooker Phil Greening, replacing the retired Mark Regan, and Sale wing Mark Cueto, who scored four tries in three England appearances.

These players will be part of a 38-man squad that can play up to 15 matches for club and country, with an additional 35 training days, leading up to the next World Cup.",12.046,1102,210,0,7,7
2026-06-24T20:06:07,3_structured_format,"Summarize the following article in exactly 3 bullet points, each under 15 words, covering: (1) what happened, (2) why it matters, (3) what happens next.

Article:
dawson wins england squad recall  wasps scrumhalf matt dawson has been recalled to englands training squad ahead of the rbs six nations and been reinstated in the elite player squad  coach andy robinson dropped dawson for the autumn tests after he missed training to film a question of sport i always said i would consider bringing matt back if i felt he was playing well robinson said he merits his return on current form newcastles yearold centre mathew tait is also in the training squad its obviously an honour to be asked to train with england said tait who has burst into contention recently i look forward to going down and doing the sessions but the most important thing at the moment is sundays game against newport so im not looking any further than that robinson has invited  players to attend a threeday session in leeds next week in which his squad will train in part with the leeds rhinos rugby league squad  with mike tindall ruled out of the opening two matches and will greenwood sidelined for the entire six nations tait is one of six or seven contenders for the two centre berths stuart abbott jamie noon ollie smith olly barkley and henry paul  who retains his place despite his early substitution against australia  are also in the mix ben cohen could also be considered after switching from the wing for his club northampton recently prop phil vickery and lock simon shaw both return to the squad after missing the autumn tests through injury while wasps wing tom voyce is recalled the group also includes bath flanker andy beattie and leicester hooker george chuter beattie has matured greatly as a player these past two seasons robinson said jonny wilkinson tindall and martin corry have all been included despite their unavailability for the opening two matches against wales and france  the revised man elite squad includes wasps hooker phil greening who replaces the retired mark regan and sale wing mark cueto cueto was selected for the november internationals despite not being part of the group but scored four tries in three england appearances leicester scrumhalf harry ellis has also been promoted from the senior national academy and will contest the number nine jersey with dawson and gloucesters andy gomarsall the players in robinsons elite squad can only play  matches for club and country they can be called up for a total of  training days in addition to the recognised international weeks for each of the years leading up to the next world cup  balshaw cohen cueto lewsey robinson simpsondaniel voyce abbott noon paul smith tait tindall barkley hodgson king wilkinson dawson ellis gomarsall  chuter thompson titterrell rowntree sheridan stevens vickery white borthwick brown l deacon grewcock kay shaw beattie corry forrester hazell jones moody vyvyan j worsley  abbott balshaw borthwick a brown chuter cohen corry cueto dawson ellis flatman gomarsall greening greenwood grewcock hazell hill hodgson kay king lewsey moody noon paul robinson rowntree shaw simpsondaniel thompson tindall titterrell vickery vyvyan white wilkinson j worsley m worsley  barkley beattie christophers l deacon forrester c jones palmer rees sheridan skinner smith stevens tait voyce  dowson haughton monye roques p sanderson","Here are three bullet points summarizing the article:

* Matt Dawson and Matthew Tait are recalled to England's training squad for the RBS Six Nations.
* This recall is significant for their potential to fill key positions in the England team for the Six Nations tournament.
* A three-day training session with the Leeds Rhinos rugby league squad will follow, with players competing for centre and other positions in the England team.",10.72,923,72,9,7,16
2026-06-24T20:06:16,4_few_shot,"Here is an example of a good news summary:
Example article: 'The city approved a new park budget of $2M, to be spent on playgrounds and trails, after years of resident requests.'
Example summary: 'City approved a $2M park budget for playgrounds and trails after sustained resident demand.'

Now summarize this article in the same style (one sentence, neutral tone):

dawson wins england squad recall  wasps scrumhalf matt dawson has been recalled to englands training squad ahead of the rbs six nations and been reinstated in the elite player squad  coach andy robinson dropped dawson for the autumn tests after he missed training to film a question of sport i always said i would consider bringing matt back if i felt he was playing well robinson said he merits his return on current form newcastles yearold centre mathew tait is also in the training squad its obviously an honour to be asked to train with england said tait who has burst into contention recently i look forward to going down and doing the sessions but the most important thing at the moment is sundays game against newport so im not looking any further than that robinson has invited  players to attend a threeday session in leeds next week in which his squad will train in part with the leeds rhinos rugby league squad  with mike tindall ruled out of the opening two matches and will greenwood sidelined for the entire six nations tait is one of six or seven contenders for the two centre berths stuart abbott jamie noon ollie smith olly barkley and henry paul  who retains his place despite his early substitution against australia  are also in the mix ben cohen could also be considered after switching from the wing for his club northampton recently prop phil vickery and lock simon shaw both return to the squad after missing the autumn tests through injury while wasps wing tom voyce is recalled the group also includes bath flanker andy beattie and leicester hooker george chuter beattie has matured greatly as a player these past two seasons robinson said jonny wilkinson tindall and martin corry have all been included despite their unavailability for the opening two matches against wales and france  the revised man elite squad includes wasps hooker phil greening who replaces the retired mark regan and sale wing mark cueto cueto was selected for the november internationals despite not being part of the group but scored four tries in three england appearances leicester scrumhalf harry ellis has also been promoted from the senior national academy and will contest the number nine jersey with dawson and gloucesters andy gomarsall the players in robinsons elite squad can only play  matches for club and country they can be called up for a total of  training days in addition to the recognised international weeks for each of the years leading up to the next world cup  balshaw cohen cueto lewsey robinson simpsondaniel voyce abbott noon paul smith tait tindall barkley hodgson king wilkinson dawson ellis gomarsall  chuter thompson titterrell rowntree sheridan stevens vickery white borthwick brown l deacon grewcock kay shaw beattie corry forrester hazell jones moody vyvyan j worsley  abbott balshaw borthwick a brown chuter cohen corry cueto dawson ellis flatman gomarsall greening greenwood grewcock hazell hill hodgson kay king lewsey moody noon paul robinson rowntree shaw simpsondaniel thompson tindall titterrell vickery vyvyan white wilkinson j worsley m worsley  barkley beattie christophers l deacon forrester c jones palmer rees sheridan skinner smith stevens tait voyce  dowson haughton monye roques p sanderson","Here's a summary of the article in a neutral tone:

England's coach Andy Robinson recalled Wasps scrumhalf Matt Dawson to the training squad ahead of the RBS Six Nations, citing Dawson's current form as a reason for his return.",8.638,924,39,10,2,12
2026-06-24T20:06:26,5_chain_of_thought,"First, identify the 3 most important facts in this article. Then, using only those facts, write a single concise summary paragraph (max 40 words). Show your reasoning step by step, then give the final summary clearly labeled 'FINAL SUMMARY:'.

Article:
dawson wins england squad recall  wasps scrumhalf matt dawson has been recalled to englands training squad ahead of the rbs six nations and been reinstated in the elite player squad  coach andy robinson dropped dawson for the autumn tests after he missed training to film a question of sport i always said i would consider bringing matt back if i felt he was playing well robinson said he merits his return on current form newcastles yearold centre mathew tait is also in the training squad its obviously an honour to be asked to train with england said tait who has burst into contention recently i look forward to going down and doing the sessions but the most important thing at the moment is sundays game against newport so im not looking any further than that robinson has invited  players to attend a threeday session in leeds next week in which his squad will train in part with the leeds rhinos rugby league squad  with mike tindall ruled out of the opening two matches and will greenwood sidelined for the entire six nations tait is one of six or seven contenders for the two centre berths stuart abbott jamie noon ollie smith olly barkley and henry paul  who retains his place despite his early substitution against australia  are also in the mix ben cohen could also be considered after switching from the wing for his club northampton recently prop phil vickery and lock simon shaw both return to the squad after missing the autumn tests through injury while wasps wing tom voyce is recalled the group also includes bath flanker andy beattie and leicester hooker george chuter beattie has matured greatly as a player these past two seasons robinson said jonny wilkinson tindall and martin corry have all been included despite their unavailability for the opening two matches against wales and france  the revised man elite squad includes wasps hooker phil greening who replaces the retired mark regan and sale wing mark cueto cueto was selected for the november internationals despite not being part of the group but scored four tries in three england appearances leicester scrumhalf harry ellis has also been promoted from the senior national academy and will contest the number nine jersey with dawson and gloucesters andy gomarsall the players in robinsons elite squad can only play  matches for club and country they can be called up for a total of  training days in addition to the recognised international weeks for each of the years leading up to the next world cup  balshaw cohen cueto lewsey robinson simpsondaniel voyce abbott noon paul smith tait tindall barkley hodgson king wilkinson dawson ellis gomarsall  chuter thompson titterrell rowntree sheridan stevens vickery white borthwick brown l deacon grewcock kay shaw beattie corry forrester hazell jones moody vyvyan j worsley  abbott balshaw borthwick a brown chuter cohen corry cueto dawson ellis flatman gomarsall greening greenwood grewcock hazell hill hodgson kay king lewsey moody noon paul robinson rowntree shaw simpsondaniel thompson tindall titterrell vickery vyvyan white wilkinson j worsley m worsley  barkley beattie christophers l deacon forrester c jones palmer rees sheridan skinner smith stevens tait voyce  dowson haughton monye roques p sanderson","**Identifying the 3 most important facts:**

1. Matt Dawson has been recalled to England's training squad ahead of the RBS Six Nations.
2. Newcastles Mathew Tait is also in the training squad and is a contender for one of the two centre berths.
3. Coach Andy Robinson has invited players to attend a 3-day training session in Leeds next week to prepare for the RBS Six Nations.

**Reasoning step-by-step:**

* The article primarily discusses the England rugby team's preparations for the RBS Six Nations.
* The recall of Matt Dawson and the inclusion of Mathew Tait are significant events that indicate a change in the team's dynamics.
* The announcement of a training session in Leeds indicates the team's focus on preparation and selecting the right players.

**FINAL SUMMARY:**
Matt Dawson is recalled to England's training squad, while Mathew Tait joins the group as a contender for a centre berth. A 3-day training session in Leeds will prepare the team for the RBS Six Nations.",9.844,1063,165,0,7,7
2026-06-24T20:06:35,1_naive,Summarize this article: man utd through after exeter test  manchester united avoided an fa cup upset by edging past exeter city in their third round replay  cristiano ronaldo scored the opener slipping the ball between paul jones legs after just nine minutes united wasted a host of chances to make it safe as jones made some great saves but wayne rooney put the tie beyond doubt late on with a cool finish exeter had chances of their own sean devine twice volleying wide and andrew taylor forcing tim howard to save united boss sir alex ferguson was taking few chances after their  draw in the first game and he handed starts to paul scholes and ryan as well as ronaldo and rooney exeter began brightly with devine and steve flack seeing plenty of the ball but it did not take united long to assert their authority and the hosts soon found themselves a goal down scholes played a lovely pass in to ronaldo on the lefthand side of the sixyard box and the portuguese winger slid the ball between the legs of jones to open the scoring  united sensed a chance to finish the tie as a contest early on and ronaldo blazed over before jones saved well from scholes and then rooney the visitors pressure by now was incessant and rooney had another shot blocked while ronaldo slammed well over the bar again from a good position just before the break giggs had a golden chance to double the advantage but the welshman dragged a leftfoot effort badly wide from  yards in stoppage time exeter created their best chance as alex jeannin swung in a cross from the left that devine managed to flick goalwards but the ball flew wide of howards goal the grecians came out after the break in determined fashion and howard had to show safe hands to collect two searching crosses into the united box rooney looked like he might have sealed the result with a turn and shot but the ball stuck in the st james park mud and jones raced back to gather on the goalline moments later devine had the chance to make himself a hero but he could only volley jeannins brilliant cross wide of howards goal after being left unmarked six yards out after rooney had completely messed up a freekick  yards out taylor showed him how it should be done his stunning drive from distance forcing a flying stop from howard the home crowd were baying for a goal and they did get the ball into the net only for devines low effort to be ruled out for an obvious offside the persistent rooney eventually rounded jones with three minutes to go and slotted into an empty net to book a home tie with middlesbrough in the fourth round  jones hiley sawyer gaia jeannin moxey taylor martin  ampadu afful  clay flack edwards  devine subs not used rice todd  ampadu clay  howard phil neville gary neville oshea fortune giggs saha  miller fletcher  scholes djembadjemba silvestre  ronaldo rooney subs not used ricardo bellion  ronaldo  rooney     p dowd staffordshire,"Manchester United advanced to the fourth round of the FA Cup by defeating Exeter City 2-0 in the third round replay. Cristiano Ronaldo scored the opening goal in the 9th minute after slipping the ball between Exeter's goalkeeper Paul Jones' legs. United created numerous chances to increase their lead but were unable to do so, thanks to Jones' impressive saves.

Exeter created opportunities of their own, with Sean Devine volleying wide twice and Andrew Taylor forcing a save from Tim Howard. United's Wayne Rooney sealed the result with a cool finish in stoppage time, putting the tie beyond doubt.

The match saw Manchester United's manager Sir Alex Ferguson taking a cautious approach, handing starts to several key players, including Paul Scholes, Ryan, Ronaldo, and Rooney. Exeter began the match strongly but were ultimately unable to overcome the might of Manchester United.",8.896,884,141,2,7,9
2026-06-24T20:06:44,2_role_based,"You are an expert news editor with 20 years of experience writing concise, accurate summaries for busy readers. Summarize the following article in a way that captures the most newsworthy points:

man utd through after exeter test  manchester united avoided an fa cup upset by edging past exeter city in their third round replay  cristiano ronaldo scored the opener slipping the ball between paul jones legs after just nine minutes united wasted a host of chances to make it safe as jones made some great saves but wayne rooney put the tie beyond doubt late on with a cool finish exeter had chances of their own sean devine twice volleying wide and andrew taylor forcing tim howard to save united boss sir alex ferguson was taking few chances after their  draw in the first game and he handed starts to paul scholes and ryan as well as ronaldo and rooney exeter began brightly with devine and steve flack seeing plenty of the ball but it did not take united long to assert their authority and the hosts soon found themselves a goal down scholes played a lovely pass in to ronaldo on the lefthand side of the sixyard box and the portuguese winger slid the ball between the legs of jones to open the scoring  united sensed a chance to finish the tie as a contest early on and ronaldo blazed over before jones saved well from scholes and then rooney the visitors pressure by now was incessant and rooney had another shot blocked while ronaldo slammed well over the bar again from a good position just before the break giggs had a golden chance to double the advantage but the welshman dragged a leftfoot effort badly wide from  yards in stoppage time exeter created their best chance as alex jeannin swung in a cross from the left that devine managed to flick goalwards but the ball flew wide of howards goal the grecians came out after the break in determined fashion and howard had to show safe hands to collect two searching crosses into the united box rooney looked like he might have sealed the result with a turn and shot but the ball stuck in the st james park mud and jones raced back to gather on the goalline moments later devine had the chance to make himself a hero but he could only volley jeannins brilliant cross wide of howards goal after being left unmarked six yards out after rooney had completely messed up a freekick  yards out taylor showed him how it should be done his stunning drive from distance forcing a flying stop from howard the home crowd were baying for a goal and they did get the ball into the net only for devines low effort to be ruled out for an obvious offside the persistent rooney eventually rounded jones with three minutes to go and slotted into an empty net to book a home tie with middlesbrough in the fourth round  jones hiley sawyer gaia jeannin moxey taylor martin  ampadu afful  clay flack edwards  devine subs not used rice todd  ampadu clay  howard phil neville gary neville oshea fortune giggs saha  miller fletcher  scholes djembadjemba silvestre  ronaldo rooney subs not used ricardo bellion  ronaldo  rooney     p dowd staffordshire","**Manchester United Edges Past Exeter City in FA Cup Replay**

Manchester United avoided an upset in the FA Cup by defeating Exeter City 2-0 in their third-round replay. Cristiano Ronaldo scored the opener in the 9th minute, slotting the ball between the legs of Exeter goalkeeper Paul Jones. Despite numerous chances, United couldn't secure a safe lead until Wayne Rooney scored the decisive goal with a cool finish in the 88th minute. Exeter had their own chances, with Sean Devine twice volleying wide and Andrew Taylor forcing a save from United goalkeeper Tim Howard. The win sends United to the fourth round, where they will face Middlesbrough at home.",8.792,883,109,6,7,13
2026-06-24T20:06:52,3_structured_format,"Summarize the following article in exactly 3 bullet points, each under 15 words, covering: (1) what happened, (2) why it matters, (3) what happens next.

Article:
man utd through after exeter test  manchester united avoided an fa cup upset by edging past exeter city in their third round replay  cristiano ronaldo scored the opener slipping the ball between paul jones legs after just nine minutes united wasted a host of chances to make it safe as jones made some great saves but wayne rooney put the tie beyond doubt late on with a cool finish exeter had chances of their own sean devine twice volleying wide and andrew taylor forcing tim howard to save united boss sir alex ferguson was taking few chances after their  draw in the first game and he handed starts to paul scholes and ryan as well as ronaldo and rooney exeter began brightly with devine and steve flack seeing plenty of the ball but it did not take united long to assert their authority and the hosts soon found themselves a goal down scholes played a lovely pass in to ronaldo on the lefthand side of the sixyard box and the portuguese winger slid the ball between the legs of jones to open the scoring  united sensed a chance to finish the tie as a contest early on and ronaldo blazed over before jones saved well from scholes and then rooney the visitors pressure by now was incessant and rooney had another shot blocked while ronaldo slammed well over the bar again from a good position just before the break giggs had a golden chance to double the advantage but the welshman dragged a leftfoot effort badly wide from  yards in stoppage time exeter created their best chance as alex jeannin swung in a cross from the left that devine managed to flick goalwards but the ball flew wide of howards goal the grecians came out after the break in determined fashion and howard had to show safe hands to collect two searching crosses into the united box rooney looked like he might have sealed the result with a turn and shot but the ball stuck in the st james park mud and jones raced back to gather on the goalline moments later devine had the chance to make himself a hero but he could only volley jeannins brilliant cross wide of howards goal after being left unmarked six yards out after rooney had completely messed up a freekick  yards out taylor showed him how it should be done his stunning drive from distance forcing a flying stop from howard the home crowd were baying for a goal and they did get the ball into the net only for devines low effort to be ruled out for an obvious offside the persistent rooney eventually rounded jones with three minutes to go and slotted into an empty net to book a home tie with middlesbrough in the fourth round  jones hiley sawyer gaia jeannin moxey taylor martin  ampadu afful  clay flack edwards  devine subs not used rice todd  ampadu clay  howard phil neville gary neville oshea fortune giggs saha  miller fletcher  scholes djembadjemba silvestre  ronaldo rooney subs not used ricardo bellion  ronaldo  rooney     p dowd staffordshire","Here's a summary of the article in 3 bullet points, each under 15 words:

* **What happened**: Manchester United beat Exeter City 2-0 in an FA Cup third round replay.
* **Why it matters**: United avoided a potential upset and secured a home tie in the next round.
* **What happens next**: United will host Middlesbrough in the fourth round of the FA Cup.",8.648,832,64,10,7,17
2026-06-24T20:07:02,4_few_shot,"Here is an example of a good news summary:
Example article: 'The city approved a new park budget of $2M, to be spent on playgrounds and trails, after years of resident requests.'
Example summary: 'City approved a $2M park budget for playgrounds and trails after sustained resident demand.'

Now summarize this article in the same style (one sentence, neutral tone):

man utd through after exeter test  manchester united avoided an fa cup upset by edging past exeter city in their third round replay  cristiano ronaldo scored the opener slipping the ball between paul jones legs after just nine minutes united wasted a host of chances to make it safe as jones made some great saves but wayne rooney put the tie beyond doubt late on with a cool finish exeter had chances of their own sean devine twice volleying wide and andrew taylor forcing tim howard to save united boss sir alex ferguson was taking few chances after their  draw in the first game and he handed starts to paul scholes and ryan as well as ronaldo and rooney exeter began brightly with devine and steve flack seeing plenty of the ball but it did not take united long to assert their authority and the hosts soon found themselves a goal down scholes played a lovely pass in to ronaldo on the lefthand side of the sixyard box and the portuguese winger slid the ball between the legs of jones to open the scoring  united sensed a chance to finish the tie as a contest early on and ronaldo blazed over before jones saved well from scholes and then rooney the visitors pressure by now was incessant and rooney had another shot blocked while ronaldo slammed well over the bar again from a good position just before the break giggs had a golden chance to double the advantage but the welshman dragged a leftfoot effort badly wide from  yards in stoppage time exeter created their best chance as alex jeannin swung in a cross from the left that devine managed to flick goalwards but the ball flew wide of howards goal the grecians came out after the break in determined fashion and howard had to show safe hands to collect two searching crosses into the united box rooney looked like he might have sealed the result with a turn and shot but the ball stuck in the st james park mud and jones raced back to gather on the goalline moments later devine had the chance to make himself a hero but he could only volley jeannins brilliant cross wide of howards goal after being left unmarked six yards out after rooney had completely messed up a freekick  yards out taylor showed him how it should be done his stunning drive from distance forcing a flying stop from howard the home crowd were baying for a goal and they did get the ball into the net only for devines low effort to be ruled out for an obvious offside the persistent rooney eventually rounded jones with three minutes to go and slotted into an empty net to book a home tie with middlesbrough in the fourth round  jones hiley sawyer gaia jeannin moxey taylor martin  ampadu afful  clay flack edwards  devine subs not used rice todd  ampadu clay  howard phil neville gary neville oshea fortune giggs saha  miller fletcher  scholes djembadjemba silvestre  ronaldo rooney subs not used ricardo bellion  ronaldo  rooney     p dowd staffordshire",Manchester United edged past Exeter City in their FA Cup third round replay with a late goal from Wayne Rooney after Cristiano Ronaldo opened the scoring in the ninth minute.,9.593,814,30,10,2,12
2026-06-24T20:07:09,5_chain_of_thought,"First, identify the 3 most important facts in this article. Then, using only those facts, write a single concise summary paragraph (max 40 words). Show your reasoning step by step, then give the final summary clearly labeled 'FINAL SUMMARY:'.

Article:
man utd through after exeter test  manchester united avoided an fa cup upset by edging past exeter city in their third round replay  cristiano ronaldo scored the opener slipping the ball between paul jones legs after just nine minutes united wasted a host of chances to make it safe as jones made some great saves but wayne rooney put the tie beyond doubt late on with a cool finish exeter had chances of their own sean devine twice volleying wide and andrew taylor forcing tim howard to save united boss sir alex ferguson was taking few chances after their  draw in the first game and he handed starts to paul scholes and ryan as well as ronaldo and rooney exeter began brightly with devine and steve flack seeing plenty of the ball but it did not take united long to assert their authority and the hosts soon found themselves a goal down scholes played a lovely pass in to ronaldo on the lefthand side of the sixyard box and the portuguese winger slid the ball between the legs of jones to open the scoring  united sensed a chance to finish the tie as a contest early on and ronaldo blazed over before jones saved well from scholes and then rooney the visitors pressure by now was incessant and rooney had another shot blocked while ronaldo slammed well over the bar again from a good position just before the break giggs had a golden chance to double the advantage but the welshman dragged a leftfoot effort badly wide from  yards in stoppage time exeter created their best chance as alex jeannin swung in a cross from the left that devine managed to flick goalwards but the ball flew wide of howards goal the grecians came out after the break in determined fashion and howard had to show safe hands to collect two searching crosses into the united box rooney looked like he might have sealed the result with a turn and shot but the ball stuck in the st james park mud and jones raced back to gather on the goalline moments later devine had the chance to make himself a hero but he could only volley jeannins brilliant cross wide of howards goal after being left unmarked six yards out after rooney had completely messed up a freekick  yards out taylor showed him how it should be done his stunning drive from distance forcing a flying stop from howard the home crowd were baying for a goal and they did get the ball into the net only for devines low effort to be ruled out for an obvious offside the persistent rooney eventually rounded jones with three minutes to go and slotted into an empty net to book a home tie with middlesbrough in the fourth round  jones hiley sawyer gaia jeannin moxey taylor martin  ampadu afful  clay flack edwards  devine subs not used rice todd  ampadu clay  howard phil neville gary neville oshea fortune giggs saha  miller fletcher  scholes djembadjemba silvestre  ronaldo rooney subs not used ricardo bellion  ronaldo  rooney     p dowd staffordshire","**Step 1: Identify the 3 most important facts in the article.**

1. Manchester United avoided an FA Cup upset by edging past Exeter City in their third-round replay.
2. Cristiano Ronaldo scored the opener for Manchester United after just nine minutes with a goal between Paul Jones' legs.
3. Wayne Rooney sealed the result with a cool finish late on, putting the tie beyond doubt.

**Step 2: Determine the most critical elements of the article.**

The first fact provides context for the article, while the second and third facts highlight the key moments of the match.

**Step 3: Write a concise summary paragraph using only the identified facts.**

Manchester United avoided an FA Cup upset by edging past Exeter City. Cristiano Ronaldo scored the opener after nine minutes, while Wayne Rooney sealed the result late on.

**FINAL SUMMARY:**
Manchester United edged past Exeter City, with Cristiano Ronaldo scoring the opener and Wayne Rooney sealing the result late on.",6.778,955,158,1,7,8
2026-06-24T20:07:16,1_naive,Summarize this article: barkley fit for match in ireland  england centre olly barkley has been passed fit for sundays six nations clash with ireland at lansdowne road  barkley withdrew from baths team for fridays clash with gloucester after suffering a calf injury in training gloucester centre henry paul has also been cleared to play after overcoming an ankle injury england coach andy robinson who names his team on wednesday has called up bath prop duncan bell following phil vickerys broken arm with vickery sidelined for at least six weeks and julian white out with a neck injury bell could make his england debut bell  had set his sights on an international career with wales but last december the international rugby board confirmed that he could only be eligible for england as he had travelled on tour with them in  i thought id burned all my bridges with england when i expressed an interest in wanting to play for wales so its fantastic to get this opportunity he said bell who featured in the england a side which beat france   days ago added i recognise that i got into the england a squad because of injuries and its the same again in getting into the senior squad but now that i have this opportunity i intend to take it fully if selected and play my heart out for my country  england coach andy robinson could take a gamble and call inexperienced sale sharks prop andrew sheridan into his front row but sheridan favours the loosehead side of the scrum and a more likely scenario is for uncapped bell  who was among the tryscorers when england a beat france a  nine days ago  to be drafted in,"The article discusses England's rugby team ahead of their Six Nations match against Ireland. Key points include:

1. England centre Olly Barkley has been cleared to play after recovering from a calf injury.
2. Gloucester centre Henry Paul has also been cleared to play after overcoming an ankle injury.
3. England coach Andy Robinson has called up Bath prop Duncan Bell to replace Phil Vickery, who is out for at least six weeks with a broken arm.
4. Bell had previously expressed interest in playing for Wales but was deemed eligible for England only after traveling with the England team in 2006.
5. Bell made his England A debut against France nine days ago and could make his senior debut if selected.
6. Sale Sharks prop Andrew Sheridan is also a possibility, but Bell is the more likely choice due to his experience on the front row.",6.99,561,147,2,7,9
2026-06-24T20:07:21,2_role_based,"You are an expert news editor with 20 years of experience writing concise, accurate summaries for busy readers. Summarize the following article in a way that captures the most newsworthy points:

barkley fit for match in ireland  england centre olly barkley has been passed fit for sundays six nations clash with ireland at lansdowne road  barkley withdrew from baths team for fridays clash with gloucester after suffering a calf injury in training gloucester centre henry paul has also been cleared to play after overcoming an ankle injury england coach andy robinson who names his team on wednesday has called up bath prop duncan bell following phil vickerys broken arm with vickery sidelined for at least six weeks and julian white out with a neck injury bell could make his england debut bell  had set his sights on an international career with wales but last december the international rugby board confirmed that he could only be eligible for england as he had travelled on tour with them in  i thought id burned all my bridges with england when i expressed an interest in wanting to play for wales so its fantastic to get this opportunity he said bell who featured in the england a side which beat france   days ago added i recognise that i got into the england a squad because of injuries and its the same again in getting into the senior squad but now that i have this opportunity i intend to take it fully if selected and play my heart out for my country  england coach andy robinson could take a gamble and call inexperienced sale sharks prop andrew sheridan into his front row but sheridan favours the loosehead side of the scrum and a more likely scenario is for uncapped bell  who was among the tryscorers when england a beat france a  nine days ago  to be drafted in","**England Rugby Update: Barkley Fit, New Prop Called Up**

England centre Olly Barkley has been cleared to play in Sunday's Six Nations match against Ireland at Lansdowne Road, after recovering from a calf injury. Fellow centre Henry Paul has also been given the green light to participate, having overcome an ankle injury.

England coach Andy Robinson has called up Bath prop Duncan Bell, who could make his international debut, replacing injured Phil Vickery. Bell had previously expressed interest in playing for Wales but was ruled eligible for England after touring with the team.

Robinson may also consider inexperienced Sale Sharks prop Andrew Sheridan, but Bell's experience in the England A team, where he scored tries against France, makes him a more likely candidate.",5.642,573,123,4,2,6
2026-06-24T20:07:27,3_structured_format,"Summarize the following article in exactly 3 bullet points, each under 15 words, covering: (1) what happened, (2) why it matters, (3) what happens next.

Article:
barkley fit for match in ireland  england centre olly barkley has been passed fit for sundays six nations clash with ireland at lansdowne road  barkley withdrew from baths team for fridays clash with gloucester after suffering a calf injury in training gloucester centre henry paul has also been cleared to play after overcoming an ankle injury england coach andy robinson who names his team on wednesday has called up bath prop duncan bell following phil vickerys broken arm with vickery sidelined for at least six weeks and julian white out with a neck injury bell could make his england debut bell  had set his sights on an international career with wales but last december the international rugby board confirmed that he could only be eligible for england as he had travelled on tour with them in  i thought id burned all my bridges with england when i expressed an interest in wanting to play for wales so its fantastic to get this opportunity he said bell who featured in the england a side which beat france   days ago added i recognise that i got into the england a squad because of injuries and its the same again in getting into the senior squad but now that i have this opportunity i intend to take it fully if selected and play my heart out for my country  england coach andy robinson could take a gamble and call inexperienced sale sharks prop andrew sheridan into his front row but sheridan favours the loosehead side of the scrum and a more likely scenario is for uncapped bell  who was among the tryscorers when england a beat france a  nine days ago  to be drafted in","Here are 3 bullet points summarizing the article:

• England centre Ollie Barkley cleared to play in Sunday's Six Nations match against Ireland.
• Injuries to Phil Vickery and Julian White lead to call-up of prop Duncan Bell for England debut.
• England coach Andy Robinson may choose between Bell and Andrew Sheridan for a front-row spot.",5.484,500,57,10,7,17
2026-06-24T20:07:32,4_few_shot,"Here is an example of a good news summary:
Example article: 'The city approved a new park budget of $2M, to be spent on playgrounds and trails, after years of resident requests.'
Example summary: 'City approved a $2M park budget for playgrounds and trails after sustained resident demand.'

Now summarize this article in the same style (one sentence, neutral tone):

barkley fit for match in ireland  england centre olly barkley has been passed fit for sundays six nations clash with ireland at lansdowne road  barkley withdrew from baths team for fridays clash with gloucester after suffering a calf injury in training gloucester centre henry paul has also been cleared to play after overcoming an ankle injury england coach andy robinson who names his team on wednesday has called up bath prop duncan bell following phil vickerys broken arm with vickery sidelined for at least six weeks and julian white out with a neck injury bell could make his england debut bell  had set his sights on an international career with wales but last december the international rugby board confirmed that he could only be eligible for england as he had travelled on tour with them in  i thought id burned all my bridges with england when i expressed an interest in wanting to play for wales so its fantastic to get this opportunity he said bell who featured in the england a side which beat france   days ago added i recognise that i got into the england a squad because of injuries and its the same again in getting into the senior squad but now that i have this opportunity i intend to take it fully if selected and play my heart out for my country  england coach andy robinson could take a gamble and call inexperienced sale sharks prop andrew sheridan into his front row but sheridan favours the loosehead side of the scrum and a more likely scenario is for uncapped bell  who was among the tryscorers when england a beat france a  nine days ago  to be drafted in","England centre Olly Barkley has been cleared to play against Ireland, while prop Duncan Bell has been called up following injuries to Phil Vickery and Julian White.",5.349,496,27,10,2,12
2026-06-24T20:07:37,5_chain_of_thought,"First, identify the 3 most important facts in this article. Then, using only those facts, write a single concise summary paragraph (max 40 words). Show your reasoning step by step, then give the final summary clearly labeled 'FINAL SUMMARY:'.

Article:
barkley fit for match in ireland  england centre olly barkley has been passed fit for sundays six nations clash with ireland at lansdowne road  barkley withdrew from baths team for fridays clash with gloucester after suffering a calf injury in training gloucester centre henry paul has also been cleared to play after overcoming an ankle injury england coach andy robinson who names his team on wednesday has called up bath prop duncan bell following phil vickerys broken arm with vickery sidelined for at least six weeks and julian white out with a neck injury bell could make his england debut bell  had set his sights on an international career with wales but last december the international rugby board confirmed that he could only be eligible for england as he had travelled on tour with them in  i thought id burned all my bridges with england when i expressed an interest in wanting to play for wales so its fantastic to get this opportunity he said bell who featured in the england a side which beat france   days ago added i recognise that i got into the england a squad because of injuries and its the same again in getting into the senior squad but now that i have this opportunity i intend to take it fully if selected and play my heart out for my country  england coach andy robinson could take a gamble and call inexperienced sale sharks prop andrew sheridan into his front row but sheridan favours the loosehead side of the scrum and a more likely scenario is for uncapped bell  who was among the tryscorers when england a beat france a  nine days ago  to be drafted in","**Step 1: Identifying the 3 most important facts**

To identify the 3 most important facts, I will analyze the article and prioritize the key points. 

1. Ollie Barkley, England's centre, has been cleared to play in the upcoming Six Nations match with Ireland after recovering from a calf injury.
2. England coach Andy Robinson has called up Bath prop Duncan Bell to replace Phil Vickery, who is out for at least six weeks with a broken arm.
3. Duncan Bell, who was previously eligible to play for Wales, has been given an opportunity to make his England debut.

**Step 2: Writing a concise summary paragraph**

Based on the 3 most important facts, I will write a concise summary paragraph.

**Summary:**
Ollie Barkley has recovered from injury to play for England against Ireland, while Duncan Bell, a Bath prop, has been called up to replace Phil Vickery and could make his England debut.

**FINAL SUMMARY:**
Ollie Barkley has recovered from injury to play for England against Ireland, while Duncan Bell, a Bath prop, has been called up to replace Phil Vickery and could make his England debut.",4.795,680,186,0,7,7
2026-06-24T20:07:43,1_naive,Summarize this article: bristol city  milton keynes  leroy lita took his goal tally to  for the season as his double earned city an ldv vans trophy win  the striker finished off scott murray cross from close range just seconds before halftime lita then made it  on  minutes but dons substitute serge makofo then netted a great volley to make it  the visitors almost took the tie to extra time with a late yard bullet from richard johnson which was well held by steve phillips  phillips amankwaah coles hill fortune murray anyinsah  doherty harley  dinning bell lita cotterill  gillespie subs not used orr brown  hill  lita    bevan oyedele ntimbanzeh crooks puncheon kamara makofo  chorley herve mckoy  tapp johnson  mackie pacquette subs not used martin palmer  pacquette chorley johnson mckoy  makofo     j ross essex,"The article is about a match between Bristol City and Milton Keynes in the LDV Vans Trophy. Key points from the match include:

- Leroy Lita scored two goals for Bristol City.
- Lita's first goal came just before halftime, finishing off Scott Murray's cross from close range.
- Lita's second goal came in the 60th minute, but Milton Keynes responded quickly with a goal from substitute Serge Makofo.
- Richard Johnson of Milton Keynes had a late chance to equalize, but Steve Phillips made a save to preserve the win for Bristol City.
- The match ended with a 2-1 victory for Bristol City.",5.597,400,105,6,7,13
2026-06-24T20:07:46,2_role_based,"You are an expert news editor with 20 years of experience writing concise, accurate summaries for busy readers. Summarize the following article in a way that captures the most newsworthy points:

bristol city  milton keynes  leroy lita took his goal tally to  for the season as his double earned city an ldv vans trophy win  the striker finished off scott murray cross from close range just seconds before halftime lita then made it  on  minutes but dons substitute serge makofo then netted a great volley to make it  the visitors almost took the tie to extra time with a late yard bullet from richard johnson which was well held by steve phillips  phillips amankwaah coles hill fortune murray anyinsah  doherty harley  dinning bell lita cotterill  gillespie subs not used orr brown  hill  lita    bevan oyedele ntimbanzeh crooks puncheon kamara makofo  chorley herve mckoy  tapp johnson  mackie pacquette subs not used martin palmer  pacquette chorley johnson mckoy  makofo     j ross essex","**Bristol City Wins LDV Vans Trophy with Leroy Lita's Double**

Bristol City secured a 2-1 victory over Milton Keynes Dons in the LDV Vans Trophy final. Leroy Lita's double, including a goal just before halftime and another in the 86th minute, sealed the win for City. However, MK Dons substitute Serge Makofo narrowed the gap with a volley in the 82nd minute. A late attempt by Richard Johnson was thwarted by City's goalkeeper, Steve Phillips, preserving the lead and securing the trophy for Bristol City.",3.488,422,85,8,7,15
2026-06-24T20:07:50,3_structured_format,"Summarize the following article in exactly 3 bullet points, each under 15 words, covering: (1) what happened, (2) why it matters, (3) what happens next.

Article:
bristol city  milton keynes  leroy lita took his goal tally to  for the season as his double earned city an ldv vans trophy win  the striker finished off scott murray cross from close range just seconds before halftime lita then made it  on  minutes but dons substitute serge makofo then netted a great volley to make it  the visitors almost took the tie to extra time with a late yard bullet from richard johnson which was well held by steve phillips  phillips amankwaah coles hill fortune murray anyinsah  doherty harley  dinning bell lita cotterill  gillespie subs not used orr brown  hill  lita    bevan oyedele ntimbanzeh crooks puncheon kamara makofo  chorley herve mckoy  tapp johnson  mackie pacquette subs not used martin palmer  pacquette chorley johnson mckoy  makofo     j ross essex","Here are 3 bullet points summarizing the article:

• Leroy Lita scored a double to lead Bristol City to an LDV Trophy win.
• The win matters due to its contribution to Bristol City's season success.
• The victory secured a positive start for Bristol City, with more games to come.",4.447,367,51,10,7,17
2026-06-24T20:07:54,4_few_shot,"Here is an example of a good news summary:
Example article: 'The city approved a new park budget of $2M, to be spent on playgrounds and trails, after years of resident requests.'
Example summary: 'City approved a $2M park budget for playgrounds and trails after sustained resident demand.'

Now summarize this article in the same style (one sentence, neutral tone):

bristol city  milton keynes  leroy lita took his goal tally to  for the season as his double earned city an ldv vans trophy win  the striker finished off scott murray cross from close range just seconds before halftime lita then made it  on  minutes but dons substitute serge makofo then netted a great volley to make it  the visitors almost took the tie to extra time with a late yard bullet from richard johnson which was well held by steve phillips  phillips amankwaah coles hill fortune murray anyinsah  doherty harley  dinning bell lita cotterill  gillespie subs not used orr brown  hill  lita    bevan oyedele ntimbanzeh crooks puncheon kamara makofo  chorley herve mckoy  tapp johnson  mackie pacquette subs not used martin palmer  pacquette chorley johnson mckoy  makofo     j ross essex","Bristol City won the LDV Vans Trophy with a 2-1 victory over Milton Keynes, thanks to Leroy Lita's two goals.",3.406,371,20,10,7,17
2026-06-24T20:07:58,5_chain_of_thought,"First, identify the 3 most important facts in this article. Then, using only those facts, write a single concise summary paragraph (max 40 words). Show your reasoning step by step, then give the final summary clearly labeled 'FINAL SUMMARY:'.

Article:
bristol city  milton keynes  leroy lita took his goal tally to  for the season as his double earned city an ldv vans trophy win  the striker finished off scott murray cross from close range just seconds before halftime lita then made it  on  minutes but dons substitute serge makofo then netted a great volley to make it  the visitors almost took the tie to extra time with a late yard bullet from richard johnson which was well held by steve phillips  phillips amankwaah coles hill fortune murray anyinsah  doherty harley  dinning bell lita cotterill  gillespie subs not used orr brown  hill  lita    bevan oyedele ntimbanzeh crooks puncheon kamara makofo  chorley herve mckoy  tapp johnson  mackie pacquette subs not used martin palmer  pacquette chorley johnson mckoy  makofo     j ross essex","To identify the 3 most important facts in the article, I will break down the content step by step:

1. The article discusses a match between Bristol City and Milton Keynes, which implies a specific event.
2. The match is related to the LDV Vans Trophy win, indicating the significance of the event.
3. Leroy Lita scored two goals in the match, which seems to be the main focus of the article.

Given these 3 most important facts, I will now write a concise summary paragraph (max 40 words):

Leroy Lita's double secured Bristol City's LDV Vans Trophy win against Milton Keynes. He scored in the 40th minute and again in the 60th minute, with his second goal being the decisive one for the match.

**FINAL SUMMARY:** Leroy Lita's double secured Bristol City's LDV Vans Trophy win against Milton Keynes with goals in the 40th and 60th minutes.",3.692,511,148,2,7,9
